seed,arm,key,disease,dice,precision,recall,tp,fp,fn
2026,m2_a2_e4,train/138_A.png,A,0.6433021271048815,0.7129419696063757,0.5860564077189511,177663,71534,125487
2026,m2_a2_e4,train/177_D.png,D,0.8230704029781453,0.8151896954186236,0.831104968732169,289857,65713,58904
2026,m2_a2_e4,train/222_D.png,D,0.2904305580429776,0.20262427098695257,0.5125353893271131,57569,226548,54753
2026,m2_a2_e4,train/421_G.png,G,0.8213971377410393,0.8438746325686604,0.8000859995431274,297708,55079,74387
2026,m2_a2_e4,train/442_G.png,G,0.552750246556201,0.501259436112592,0.6160306901970839,129749,129097,80872
2026,m2_a2_e4,train/453_N.png,N,0.7230243979591559,0.749434689701177,0.6984121548649489,265141,88647,114493
2026,m2_a2_e4,train/489_N.png,N,0.8571364164064877,0.8566654316784491,0.8576079193033018,342207,57257,56818
2026,m2_a2_e4,train/8_A.png,A,0.7502569099634506,0.7928626406261532,0.7119966419123426,225594,58937,91253
2026,m1_a4_e4,train/138_A.png,A,0.6330231222840188,0.6889164024203283,0.5855187201055583,177500,80151,125650
2026,m1_a4_e4,train/177_D.png,D,0.8230740113841692,0.8200601137379246,0.8261101441961687,288115,63219,60646
2026,m1_a4_e4,train/222_D.png,D,0.27636224465387743,0.18894609109760646,0.5143070814266127,57768,247970,54554
2026,m1_a4_e4,train/421_G.png,G,0.8203125219132781,0.8577885452993609,0.7859740120130612,292457,48486,79638
2026,m1_a4_e4,train/442_G.png,G,0.5478335138738438,0.48805392344266735,0.6243014704136814,131491,137928,79130
2026,m1_a4_e4,train/453_N.png,N,0.7189980136086718,0.7120798381742417,0.7260519342313912,275634,111449,104000
2026,m1_a4_e4,train/489_N.png,N,0.8529447274709709,0.8472826006320568,0.8586830399097801,342636,61758,56389
2026,m1_a4_e4,train/8_A.png,A,0.7431504528906171,0.7799913968348678,0.7096327249429535,224845,63421,92002
2026,m4_a1_e4,train/138_A.png,A,0.6479762247284984,0.7070153613365415,0.5980372752762658,181295,75128,121855
2026,m4_a1_e4,train/177_D.png,D,0.824833108175829,0.8123665302309027,0.8376882736315127,292153,67479,56608
2026,m4_a1_e4,train/222_D.png,D,0.28931107901672054,0.2005566718044699,0.518981143498157,58293,232363,54029
2026,m4_a1_e4,train/421_G.png,G,0.8261990918616835,0.860386143079542,0.7946250285545358,295676,47979,76419
2026,m4_a1_e4,train/442_G.png,G,0.5646828562615013,0.5115597801367593,0.6301176046073279,132716,126718,77905
2026,m4_a1_e4,train/453_N.png,N,0.7322098616241773,0.7350495869523668,0.7293919933409547,276902,99810,102732
2026,m4_a1_e4,train/489_N.png,N,0.8593357350737829,0.8569765818935867,0.8617079130380302,343843,57385,55182
2026,m4_a1_e4,train/8_A.png,A,0.7523252776611328,0.7899641353067595,0.7181100026195608,227531,60496,89316
2026,m2_a1_e2,train/138_A.png,A,0.6054684793822637,0.7001459322995379,0.533346528121392,161684,69245,141466
2026,m2_a1_e2,train/177_D.png,D,0.819169442309955,0.830134130974952,0.8084906282525856,281970,57698,66791
2026,m2_a1_e2,train/222_D.png,D,0.27299501920041697,0.18856812933025405,0.4943109987357775,55522,238918,56800
2026,m2_a1_e2,train/421_G.png,G,0.8089724032727778,0.8357330124210255,0.7838723981778847,291675,57330,80420
2026,m2_a1_e2,train/442_G.png,G,0.5469747708678154,0.4976090703583087,0.6072139055459806,127892,129121,82729
2026,m2_a1_e2,train/453_N.png,N,0.7271437510859355,0.7213005559371234,0.7330823898807799,278303,107532,101331
2026,m2_a1_e2,train/489_N.png,N,0.8490428110944239,0.8710629817476302,0.8281085145041037,330436,48912,68589
2026,m2_a1_e2,train/8_A.png,A,0.7302631468993123,0.7761290001705223,0.6895157599724788,218471,63017,98376
2026,m2_a4_e8,train/138_A.png,A,0.6096176993179343,0.666954074794046,0.5613590631700478,170176,84978,132974
2026,m2_a4_e8,train/177_D.png,D,0.8090202717238903,0.8382846706351158,0.7817301819870914,272637,52595,76124
2026,m2_a4_e8,train/222_D.png,D,0.22764077153814025,0.1551849095674119,0.4270134078809138,47963,261107,64359
2026,m2_a4_e8,train/421_G.png,G,0.7986199343705693,0.7957105430252971,0.8015506792620164,298253,76573,73842
2026,m2_a4_e8,train/442_G.png,G,0.5304120436096438,0.4750043193137174,0.6004529462874072,126468,139778,84153
2026,m2_a4_e8,train/453_N.png,N,0.7231620018015852,0.7098640292899026,0.7369677110058636,279778,114351,99856
2026,m2_a4_e8,train/489_N.png,N,0.8451283245368933,0.8733847572958304,0.8186429421715431,326659,47356,72366
2026,m2_a4_e8,train/8_A.png,A,0.7223965379605899,0.772606029233081,0.6783147702203272,214922,63256,101925
2026,m2_a8_e16,train/138_A.png,A,0.5872179300576862,0.6374586642766634,0.5443179943922151,165010,93846,138140
2026,m2_a8_e16,train/177_D.png,D,0.8078587127574537,0.8301304547764843,0.7867508121607634,274388,56148,74373
2026,m2_a8_e16,train/222_D.png,D,0.2207284899138983,0.1481880398731918,0.43239080500703336,48567,279172,63755
2026,m2_a8_e16,train/421_G.png,G,0.7837959162733429,0.7496718475900732,0.8211747000094062,305555,102030,66540
2026,m2_a8_e16,train/442_G.png,G,0.5098646959558697,0.44465880823156945,0.5974807830178377,125842,157166,84779
2026,m2_a8_e16,train/453_N.png,N,0.7014507229253201,0.6524167527688655,0.7584541953565803,287935,153401,91699
2026,m2_a8_e16,train/489_N.png,N,0.8456278555184494,0.8645655230559359,0.8275020362132699,330194,51725,68831
2026,m2_a8_e16,train/8_A.png,A,0.7089507684257836,0.7564066319062973,0.6670979999810634,211368,68069,105479
2027,m2_a2_e4,train/138_A.png,A,0.6106939911910358,0.7210411446124,0.5296387926768926,160560,62118,142590
2027,m2_a2_e4,train/177_D.png,D,0.8241669357783767,0.8699130013729919,0.7829917909399273,273077,40836,75684
2027,m2_a2_e4,train/222_D.png,D,0.26778187529690234,0.1936034623096623,0.43410907925428677,48760,203095,63562
2027,m2_a2_e4,train/421_G.png,G,0.8208027807205224,0.8466859036626478,0.7964552063317164,296357,53663,75738
2027,m2_a2_e4,train/442_G.png,G,0.5517542426293798,0.5426989149052436,0.561116887679766,118183,99586,92438
2027,m2_a2_e4,train/453_N.png,N,0.7350235264051953,0.700798818970995,0.772762713560956,293367,125251,86267
2027,m2_a2_e4,train/489_N.png,N,0.8530575658111547,0.8998400934410501,0.8108990664745317,323569,36016,75456
2027,m2_a2_e4,train/8_A.png,A,0.7309900036916128,0.8567041487633453,0.6374496207948946,201974,33783,114873
2027,m1_a4_e4,train/138_A.png,A,0.5911992708566051,0.7377978672482963,0.49320138545274617,149514,53135,153636
2027,m1_a4_e4,train/177_D.png,D,0.813215913289814,0.8781117107052491,0.7572521010090004,264100,36659,84661
2027,m1_a4_e4,train/222_D.png,D,0.2698206289663604,0.19953006596986794,0.41657021776677766,46790,187711,65532
2027,m1_a4_e4,train/421_G.png,G,0.8137973796669475,0.8273489178066215,0.8006826213735739,297930,62172,74165
2027,m1_a4_e4,train/442_G.png,G,0.5411307485888776,0.5554350271188983,0.5275447367546446,111112,88933,99509
2027,m1_a4_e4,train/453_N.png,N,0.7407294623185746,0.73200272637251,0.7496667843238488,284599,104196,95035
2027,m1_a4_e4,train/489_N.png,N,0.8507112036840391,0.8980604696760394,0.808104755341144,322454,36602,76571
2027,m1_a4_e4,train/8_A.png,A,0.7279912747802656,0.8682891848638816,0.6267252017535277,198576,30122,118271
2027,m4_a1_e4,train/138_A.png,A,0.5978818973862536,0.7237075228497774,0.5093287151575128,154403,58947,148747
2027,m4_a1_e4,train/177_D.png,D,0.8200715526105157,0.8994989150003765,0.7535332218912092,262803,29363,85958
2027,m4_a1_e4,train/222_D.png,D,0.263677717260734,0.18741532214178216,0.4445878812699204,49937,216514,62385
2027,m4_a1_e4,train/421_G.png,G,0.8093395052917066,0.8189193650444304,0.7999811875999409,297669,65821,74426
2027,m4_a1_e4,train/442_G.png,G,0.5458338837742175,0.5245664803148572,0.5688986378376325,119822,108599,90799
2027,m4_a1_e4,train/453_N.png,N,0.7229522326641828,0.7654628097713772,0.6849149443938108,260017,79669,119617
2027,m4_a1_e4,train/489_N.png,N,0.8554050347535808,0.9175813766576727,0.8011202305619949,319667,28713,79358
2027,m4_a1_e4,train/8_A.png,A,0.7275599233242597,0.8551665629289837,0.6330910502545393,200593,33973,116254
2027,m2_a1_e2,train/138_A.png,A,0.6263866972222443,0.7848832010174578,0.5211479465611084,157986,43300,145164
2027,m2_a1_e2,train/177_D.png,D,0.8287515300245706,0.871334119603745,0.790137085281898,275569,40692,73192
2027,m2_a1_e2,train/222_D.png,D,0.33386763363519734,0.2577454897687371,0.47379854347322875,53218,153257,59104
2027,m2_a1_e2,train/421_G.png,G,0.8297901788185794,0.8554469572661768,0.805627595103401,299770,50655,72325
2027,m2_a1_e2,train/442_G.png,G,0.5924520467920957,0.602611509696175,0.5826294623992859,122714,80923,87907
2027,m2_a1_e2,train/453_N.png,N,0.7662146876249784,0.7678738191043845,0.7645627104000169,290254,87743,89380
2027,m2_a1_e2,train/489_N.png,N,0.8553895605800489,0.8920390388837949,0.821632729778836,327852,39679,71173
2027,m2_a1_e2,train/8_A.png,A,0.7479406323411597,0.875809990089533,0.6526525420786689,206791,29323,110056
2027,m2_a4_e8,train/138_A.png,A,0.5602032169758323,0.6507558197905617,0.4917730496453901,149081,80008,154069
2027,m2_a4_e8,train/177_D.png,D,0.786898981881668,0.8394810919043316,0.7405157113324025,258263,49383,90498
2027,m2_a4_e8,train/222_D.png,D,0.21633414440373872,0.1501772099375875,0.38667402645964283,43432,245773,68890
2027,m2_a4_e8,train/421_G.png,G,0.778947037511494,0.7597834169326257,0.7991023797686074,297342,94009,74753
2027,m2_a4_e8,train/442_G.png,G,0.5094593964374308,0.47858323041490036,0.5445943187051624,114703,124969,95918
2027,m2_a4_e8,train/453_N.png,N,0.7173181746763946,0.7316744424323947,0.7035144375898892,267078,97945,112556
2027,m2_a4_e8,train/489_N.png,N,0.8365239940023123,0.8694105498759251,0.8060347096046614,321628,48310,77397
2027,m2_a4_e8,train/8_A.png,A,0.6902195840887427,0.781231304292335,0.6182005826155842,195875,54851,120972
2027,m2_a8_e16,train/138_A.png,A,0.5620460464476915,0.6432714222539715,0.499033481774699,151282,83894,151868
2027,m2_a8_e16,train/177_D.png,D,0.7774716362124349,0.8292061676814014,0.7318134768509094,255228,52570,93533
2027,m2_a8_e16,train/222_D.png,D,0.20191675976082682,0.14162354451532855,0.35160520645999893,39493,239366,72829
2027,m2_a8_e16,train/421_G.png,G,0.7789051658489861,0.7691418869526258,0.7889194963651756,293553,88110,78542
2027,m2_a8_e16,train/442_G.png,G,0.4947735340387337,0.4494531916543861,0.5502585212300768,115896,141964,94725
2027,m2_a8_e16,train/453_N.png,N,0.7087668926901477,0.687952335968938,0.730880268890563,277467,125856,102167
2027,m2_a8_e16,train/489_N.png,N,0.8205731705062064,0.8674660776270117,0.7784900695445147,310637,47460,88388
2027,m2_a8_e16,train/8_A.png,A,0.6886305409024295,0.7768227752250841,0.6184215094351533,195945,56294,120902
2028,m2_a2_e4,train/138_A.png,A,0.6038852423303877,0.7092215622149547,0.5257925119577767,159394,65351,143756
2028,m2_a2_e4,train/177_D.png,D,0.8061653976153664,0.8397328777760522,0.7751784173115687,270352,51598,78409
2028,m2_a2_e4,train/222_D.png,D,0.2685721250533244,0.19494040438160498,0.43158953722334004,48477,200199,63845
2028,m2_a2_e4,train/421_G.png,G,0.8102203456182541,0.8443981407276807,0.7787016756473482,289751,53394,82344
2028,m2_a2_e4,train/442_G.png,G,0.5428932845365195,0.5329351176809579,0.5532306844996463,116522,102120,94099
2028,m2_a2_e4,train/453_N.png,N,0.7187275800430463,0.7378023240008987,0.7006142758551658,265977,94522,113657
2028,m2_a2_e4,train/489_N.png,N,0.8451609533769574,0.8594022009450385,0.8313839984963348,331743,54273,67282
2028,m2_a2_e4,train/8_A.png,A,0.7321359412157461,0.8231040814557375,0.659274034470896,208889,44893,107958
2028,m1_a4_e4,train/138_A.png,A,0.6235788600723764,0.7274218372103249,0.5456803562592776,165423,61987,137727
2028,m1_a4_e4,train/177_D.png,D,0.8080050310201642,0.8390599815973273,0.7791668219783748,271743,52123,77018
2028,m1_a4_e4,train/222_D.png,D,0.29068555766687976,0.21623710780588426,0.44331475579138546,49794,180481,62528
2028,m1_a4_e4,train/421_G.png,G,0.8162829294619849,0.8507641908670156,0.7844878324083904,291904,51204,80191
2028,m1_a4_e4,train/442_G.png,G,0.5411738666679224,0.5368043423425106,0.5456151096044554,114918,99160,95703
2028,m1_a4_e4,train/453_N.png,N,0.7353665635444395,0.7304011371225291,0.7403999641760222,281081,103750,98553
2028,m1_a4_e4,train/489_N.png,N,0.8513589846672128,0.8645824450973248,0.8385339264457115,334596,52407,64429
2028,m1_a4_e4,train/8_A.png,A,0.739317519111041,0.8304952037708827,0.6661795756311406,211077,43081,105770
2028,m4_a1_e4,train/138_A.png,A,0.6242392561741733,0.729386705709586,0.5455879927428666,165395,61364,137755
2028,m4_a1_e4,train/177_D.png,D,0.8069109747995793,0.8396599881578661,0.7766206657281061,270855,51722,77906
2028,m4_a1_e4,train/222_D.png,D,0.2853632657619925,0.2129998113298612,0.43219493954879723,48545,179366,63777
2028,m4_a1_e4,train/421_G.png,G,0.8156898562536007,0.854747846572922,0.7800454185087142,290251,49324,81844
2028,m4_a1_e4,train/442_G.png,G,0.5457234663477628,0.5380983588399268,0.5535677828896454,116593,100083,94028
2028,m4_a1_e4,train/453_N.png,N,0.7188122549691942,0.7418634181072058,0.697150413292803,264662,92091,114972
2028,m4_a1_e4,train/489_N.png,N,0.852619916546342,0.8730124550627743,0.83315832341332,332451,48358,66574
2028,m4_a1_e4,train/8_A.png,A,0.7373852687337321,0.8312932874504508,0.6625405953030958,209924,42603,106923
2028,m2_a1_e2,train/138_A.png,A,0.632999576231731,0.7465987690569793,0.5494045851888504,166552,56529,136598
2028,m2_a1_e2,train/177_D.png,D,0.8215570882920202,0.8336929857447757,0.8097694409638693,282416,56337,66345
2028,m2_a1_e2,train/222_D.png,D,0.3024039067515162,0.22541963282946803,0.4592421787361336,51583,177248,60739
2028,m2_a1_e2,train/421_G.png,G,0.8210976657298451,0.8503335166211327,0.7938053454091025,295371,51988,76724
2028,m2_a1_e2,train/442_G.png,G,0.5697856001175801,0.551784260787183,0.5890010967567336,124056,100771,86565
2028,m2_a1_e2,train/453_N.png,N,0.738173853080761,0.7583510206803054,0.7190425515101387,272973,86983,106661
2028,m2_a1_e2,train/489_N.png,N,0.8543392318088238,0.8612138882876459,0.8475734603095044,338203,54502,60822
2028,m2_a1_e2,train/8_A.png,A,0.7505869185175175,0.8320797480024585,0.6836327943770968,216607,43713,100240
2028,m2_a4_e8,train/138_A.png,A,0.5793150772734299,0.6759669869425967,0.5068447963054593,153650,73654,149500
2028,m2_a4_e8,train/177_D.png,D,0.8032636998461357,0.8297830718396865,0.7783869182620763,271471,55688,77290
2028,m2_a4_e8,train/222_D.png,D,0.2557966889554024,0.18132524071450087,0.4340734673527893,48756,220131,63566
2028,m2_a4_e8,train/421_G.png,G,0.8100995318593416,0.836306773147764,0.785484889611524,292275,57208,79820
2028,m2_a4_e8,train/442_G.png,G,0.528883922150057,0.4952875154388786,0.5673698254210169,119500,121774,91121
2028,m2_a4_e8,train/453_N.png,N,0.7364088202255836,0.717478323879963,0.7563653413550946,287142,113068,92492
2028,m2_a4_e8,train/489_N.png,N,0.8449091818449143,0.8473412125290807,0.8424910719879707,336175,60566,62850
2028,m2_a4_e8,train/8_A.png,A,0.7201477457014084,0.7833035323445835,0.6664162829378217,211152,58414,105695
2028,m2_a8_e16,train/138_A.png,A,0.5582903105509311,0.5798403831940417,0.5382846775523669,163181,118243,139969
2028,m2_a8_e16,train/177_D.png,D,0.7713333879089179,0.7472872843807803,0.796978446557958,277955,93997,70806
2028,m2_a8_e16,train/222_D.png,D,0.23001792442477229,0.15839695297464507,0.4198643186552946,47160,250573,65162
2028,m2_a8_e16,train/421_G.png,G,0.772307108385148,0.7577237075865207,0.7874628791034548,293011,93688,79084
2028,m2_a8_e16,train/442_G.png,G,0.46783106669340835,0.42482978830586565,0.5205178970757902,109632,148429,100989
2028,m2_a8_e16,train/453_N.png,N,0.6747882126178208,0.6542127042783751,0.6966999794538951,264491,139798,115143
2028,m2_a8_e16,train/489_N.png,N,0.8156127293263753,0.8071098002071054,0.8242967232629534,328915,78607,70110
2028,m2_a8_e16,train/8_A.png,A,0.6733389841559627,0.6962812633793273,0.6518603616256426,206540,90093,110307
2029,m2_a2_e4,train/138_A.png,A,0.5865419818191732,0.7159081185407733,0.49677387431964376,150597,59761,152553
2029,m2_a2_e4,train/177_D.png,D,0.821196880884497,0.846035023276887,0.7977755540327044,278233,50634,70528
2029,m2_a2_e4,train/222_D.png,D,0.2841046144695756,0.20566097911018977,0.45928669361300545,51588,199252,60734
2029,m2_a2_e4,train/421_G.png,G,0.8189024065867063,0.8314654670958235,0.8067133393353848,300174,60844,71921
2029,m2_a2_e4,train/442_G.png,G,0.533561087367978,0.507196707142796,0.5628166232237052,118541,115177,92080
2029,m2_a2_e4,train/453_N.png,N,0.7066847343022872,0.6708075269148027,0.7466164779761559,283441,139096,96193
2029,m2_a2_e4,train/489_N.png,N,0.8542999109135354,0.8640770477010787,0.8447415575465197,337073,53023,61952
2029,m2_a2_e4,train/8_A.png,A,0.747487404838945,0.8194025244808406,0.6871770917824691,217730,47988,99117
2029,m1_a4_e4,train/138_A.png,A,0.5899116799333258,0.710472508271683,0.5043311891802738,152888,62304,150262
2029,m1_a4_e4,train/177_D.png,D,0.8207978123295552,0.8570639487710802,0.787476237308644,274641,45803,74120
2029,m1_a4_e4,train/222_D.png,D,0.27555862903574363,0.20370804275495988,0.42571357347625577,47817,186916,64505
2029,m1_a4_e4,train/421_G.png,G,0.8123078706131032,0.834670250682636,0.7911124847149249,294369,58308,77726
2029,m1_a4_e4,train/442_G.png,G,0.5184757059087216,0.49782825281409493,0.5409099757384116,113927,114921,96694
2029,m1_a4_e4,train/453_N.png,N,0.707137087525803,0.6711910610083341,0.7471512035276082,283644,138954,95990
2029,m1_a4_e4,train/489_N.png,N,0.8542018991852379,0.8759039317409738,0.8335492763611303,332607,47123,66418
2029,m1_a4_e4,train/8_A.png,A,0.7312347826086957,0.8143620256204653,0.6635063611143549,210230,47923,106617
2029,m4_a1_e4,train/138_A.png,A,0.6014048096741014,0.7384650108530706,0.5072571334322943,153775,54461,149375
2029,m4_a1_e4,train/177_D.png,D,0.8333321055337908,0.8570735846769305,0.810870481504526,282800,47160,65961
2029,m4_a1_e4,train/222_D.png,D,0.2990117877059691,0.2161781229280068,0.4847581061590784,54449,197422,57873
2029,m4_a1_e4,train/421_G.png,G,0.8229864819597975,0.8485301715156688,0.798935755653798,297280,53067,74815
2029,m4_a1_e4,train/442_G.png,G,0.5599635308437426,0.5461821464845954,0.5744583873402938,120993,100532,89628
2029,m4_a1_e4,train/453_N.png,N,0.741395489943515,0.724047886871284,0.7595947675919438,288368,109904,91266
2029,m4_a1_e4,train/489_N.png,N,0.8588672925161037,0.8752787267424161,0.8430599586492075,336402,47935,62623
2029,m4_a1_e4,train/8_A.png,A,0.7503945728921501,0.8306889456805355,0.6842545455693126,216804,44189,100043
2029,m2_a1_e2,train/138_A.png,A,0.6314252050607372,0.7351987236802889,0.5533234372422893,167740,60416,135410
2029,m2_a1_e2,train/177_D.png,D,0.8201373092782435,0.8498579300843809,0.7924251851554502,276367,48825,72394
2029,m2_a1_e2,train/222_D.png,D,0.3075697514450553,0.22139546899218737,0.5035789961004968,56563,198921,55759
2029,m2_a1_e2,train/421_G.png,G,0.8193393395058562,0.8461064951871596,0.7942138432389578,295523,53751,76572
2029,m2_a1_e2,train/442_G.png,G,0.5790271619477855,0.5389098613093607,0.6255976374625513,131764,112737,78857
2029,m2_a1_e2,train/453_N.png,N,0.7250595309560972,0.6902559828551018,0.7635591121975376,289873,130077,89761
2029,m2_a1_e2,train/489_N.png,N,0.8574751068310535,0.8748093314803178,0.8408144853079381,335506,48013,63519
2029,m2_a1_e2,train/8_A.png,A,0.7528873913035903,0.8403431940695567,0.6819190334767253,216064,41050,100783
2029,m2_a4_e8,train/138_A.png,A,0.5762027579113224,0.6924230710473078,0.4933894111825829,149571,66440,153579
2029,m2_a4_e8,train/177_D.png,D,0.8018403170579158,0.8497111310822956,0.7590756994044632,264736,46824,84025
2029,m2_a4_e8,train/222_D.png,D,0.2497498752821655,0.18086843355409446,0.40336710528658676,45307,205190,67015
2029,m2_a4_e8,train/421_G.png,G,0.8042528938066229,0.8308463270814351,0.7793090474206856,289977,59037,82118
2029,m2_a4_e8,train/442_G.png,G,0.5032245612713715,0.4989707948451058,0.5075514787224445,106901,107342,103720
2029,m2_a4_e8,train/453_N.png,N,0.6743739620487417,0.6338725116407353,0.7204043894909308,273490,157969,106144
2029,m2_a4_e8,train/489_N.png,N,0.8527915210917533,0.8879608052715391,0.8203019860910971,327321,41300,71704
2029,m2_a4_e8,train/8_A.png,A,0.720113481591922,0.8177871575534834,0.643282088831518,203822,45414,113025
2029,m2_a8_e16,train/138_A.png,A,0.53596591646702,0.6637920954162769,0.4494210786739238,136242,69006,166908
2029,m2_a8_e16,train/177_D.png,D,0.7955702073253278,0.8770585532520564,0.7279368966140136,253876,35587,94885
2029,m2_a8_e16,train/222_D.png,D,0.21609017904395691,0.1515722120002439,0.37623973932088106,42260,236551,70062
2029,m2_a8_e16,train/421_G.png,G,0.7829324756907837,0.7969722615057403,0.7693787876751905,286282,72930,85813
2029,m2_a8_e16,train/442_G.png,G,0.4571067487123047,0.4491216333861789,0.46538094492002224,98019,120227,112602
2029,m2_a8_e16,train/453_N.png,N,0.6541443037580078,0.6452534581106083,0.6632835836621588,251805,138437,127829
2029,m2_a8_e16,train/489_N.png,N,0.8488371492066773,0.8761065251310227,0.8232140843305558,328483,46452,70542
2029,m2_a8_e16,train/8_A.png,A,0.7090726134367119,0.8174819699155161,0.6260497969051309,198362,44288,118485
2030,m2_a2_e4,train/138_A.png,A,0.594086610401714,0.67942860054694,0.5277915223486723,160000,75492,143150
2030,m2_a2_e4,train/177_D.png,D,0.811126610857696,0.8397063247002781,0.7844283047703154,273578,52224,75183
2030,m2_a2_e4,train/222_D.png,D,0.25489467473448996,0.17750587478319252,0.4519239329784014,50761,235207,61561
2030,m2_a2_e4,train/421_G.png,G,0.8015962086532937,0.8396343006455941,0.766855238581545,285343,54499,86752
2030,m2_a2_e4,train/442_G.png,G,0.5293969292047327,0.48830642735385543,0.5780382772847912,121747,127578,88874
2030,m2_a2_e4,train/453_N.png,N,0.6988293030651971,0.7285805754531994,0.6714124656906388,254891,94955,124743
2030,m2_a2_e4,train/489_N.png,N,0.8508188797122617,0.8834934950332333,0.820474907587244,327390,43173,71635
2030,m2_a2_e4,train/8_A.png,A,0.7110982700464501,0.7757738303951776,0.6563767370371189,207971,60111,108876
2030,m1_a4_e4,train/138_A.png,A,0.5973668971138104,0.6519064374936608,0.551248556820056,167111,89231,136039
2030,m1_a4_e4,train/177_D.png,D,0.8124534995192231,0.8220062920398652,0.8031201883238092,280097,60651,68664
2030,m1_a4_e4,train/222_D.png,D,0.2763912738058071,0.1903434096391209,0.504424778761062,56658,241004,55664
2030,m1_a4_e4,train/421_G.png,G,0.7998420757035695,0.8284716202478423,0.7731251427726791,287676,59561,84419
2030,m1_a4_e4,train/442_G.png,G,0.5252988234492277,0.47633137237481993,0.5854876769173064,123316,135571,87305
2030,m1_a4_e4,train/453_N.png,N,0.6990985894293489,0.6888967310834759,0.7096071479372238,269391,121656,110243
2030,m1_a4_e4,train/489_N.png,N,0.8521373672684728,0.8729255484121936,0.832316270910344,332115,48347,66910
2030,m1_a4_e4,train/8_A.png,A,0.7180047945493544,0.7687929158650901,0.6735111899434112,213400,64178,103447
2030,m4_a1_e4,train/138_A.png,A,0.609089551124057,0.7017856374510564,0.5380240804882072,163102,69308,140048
2030,m4_a1_e4,train/177_D.png,D,0.8079422596246284,0.834339842807352,0.7831638285244049,273137,54232,75624
2030,m4_a1_e4,train/222_D.png,D,0.2888248914162664,0.20441531154284362,0.49197841918769253,55260,215072,57062
2030,m4_a1_e4,train/421_G.png,G,0.7989835562230856,0.8246438449019984,0.7748720084924549,288326,61311,83769
2030,m4_a1_e4,train/442_G.png,G,0.5408482238577913,0.515457353535875,0.5688701506497453,119816,112630,90805
2030,m4_a1_e4,train/453_N.png,N,0.6777028331224398,0.6899437224002315,0.6658887244029776,252794,113604,126840
2030,m4_a1_e4,train/489_N.png,N,0.8480312057998447,0.8863403477419725,0.8128964350604598,324366,41595,74659
2030,m4_a1_e4,train/8_A.png,A,0.7150416219654442,0.7929897129149817,0.6510460884906595,206282,53850,110565
2030,m2_a1_e2,train/138_A.png,A,0.6268933435210571,0.7251046242624315,0.552112815437902,167373,63453,135777
2030,m2_a1_e2,train/177_D.png,D,0.8252634264423191,0.8548448058113701,0.7976608623097192,278193,47238,70568
2030,m2_a1_e2,train/222_D.png,D,0.3043925692104253,0.21725413485762998,0.5082441551966668,57087,205679,55235
2030,m2_a1_e2,train/421_G.png,G,0.820007897040577,0.8592872035904866,0.7841626466359397,291783,47781,80312
2030,m2_a1_e2,train/442_G.png,G,0.5639818028392963,0.5525059665871122,0.5759444689750784,121306,98250,89315
2030,m2_a1_e2,train/453_N.png,N,0.7348392614319298,0.7221022867415776,0.7480336323933051,283979,109288,95655
2030,m2_a1_e2,train/489_N.png,N,0.854956239409041,0.9014579981493677,0.8130167282751707,324414,35463,74611
2030,m2_a1_e2,train/8_A.png,A,0.7407586398903171,0.8319397138294776,0.6675903511789602,211524,42730,105323
2030,m2_a4_e8,train/138_A.png,A,0.5928194562901755,0.6731101385115873,0.5296420913739073,160561,77975,142589
2030,m2_a4_e8,train/177_D.png,D,0.815419575961661,0.8549653376278608,0.7793703997866734,271814,46110,76947
2030,m2_a4_e8,train/222_D.png,D,0.21570691812383655,0.15097933116416168,0.37758408860241094,42411,238495,69911
2030,m2_a4_e8,train/421_G.png,G,0.7876094791025015,0.8324074351222724,0.7473870920060737,278099,55991,93996
2030,m2_a4_e8,train/442_G.png,G,0.4956118249290299,0.476779384410206,0.5159931820663657,108679,119265,101942
2030,m2_a4_e8,train/453_N.png,N,0.6771207094983414,0.7287824782769738,0.632298476954119,240042,89332,139592
2030,m2_a4_e8,train/489_N.png,N,0.8470164318168368,0.8911203962478209,0.8070722385815425,322042,39348,76983
2030,m2_a4_e8,train/8_A.png,A,0.7055957690992147,0.7842157263822528,0.6413032157476637,203195,55911,113652
2030,m2_a8_e16,train/138_A.png,A,0.5262621015348288,0.6157365454746381,0.4594920006597394,139295,86930,163855
2030,m2_a8_e16,train/177_D.png,D,0.7786040922983598,0.792172455231963,0.7654927013054785,266974,70041,81787
2030,m2_a8_e16,train/222_D.png,D,0.20539657796088037,0.14222662367256864,0.3695179929132316,41505,250318,70817
2030,m2_a8_e16,train/421_G.png,G,0.7733619879839696,0.7779306594153637,0.7688466655020895,286084,81666,86011
2030,m2_a8_e16,train/442_G.png,G,0.4394417095340819,0.4269891389542045,0.4526424240697746,95336,127939,115285
2030,m2_a8_e16,train/453_N.png,N,0.6757953195812927,0.7121243946554642,0.6429929879831627,244102,98678,135532
2030,m2_a8_e16,train/489_N.png,N,0.8378929660934116,0.8605844294798467,0.8163673955265961,325751,52772,73274
2030,m2_a8_e16,train/8_A.png,A,0.6652070886720137,0.7557152607700647,0.59405959343153,188226,60844,128621
2031,m2_a2_e4,train/138_A.png,A,0.6061771568230815,0.6888737734446838,0.5412073231073726,164067,74100,139083
2031,m2_a2_e4,train/177_D.png,D,0.8161515674182662,0.8524107011841986,0.7828512935792706,273028,47273,75733
2031,m2_a2_e4,train/222_D.png,D,0.25716182556044187,0.17866853480564882,0.45866348533679957,51518,236826,60804
2031,m2_a2_e4,train/421_G.png,G,0.8011574369675376,0.8383091444110962,0.7671589244682138,285456,55058,86639
2031,m2_a2_e4,train/442_G.png,G,0.5315427377296104,0.507529983890542,0.5579405662303379,117514,114027,93107
2031,m2_a2_e4,train/453_N.png,N,0.7129713131449344,0.7637994341780533,0.6684859627957453,253780,78480,125854
2031,m2_a2_e4,train/489_N.png,N,0.8482210869899842,0.8927975982762536,0.8078842177808409,322366,38708,76659
2031,m2_a2_e4,train/8_A.png,A,0.7185151721022303,0.791907228837814,0.6575728979602142,208350,54749,108497
2031,m1_a4_e4,train/138_A.png,A,0.6255235070688115,0.6904379692883746,0.5717664522513607,173331,77714,129819
2031,m1_a4_e4,train/177_D.png,D,0.8159625759768879,0.8423210295608005,0.7912037183056592,275941,51655,72820
2031,m1_a4_e4,train/222_D.png,D,0.2437722032652252,0.16734121990656967,0.44871886184362814,50401,250786,61921
2031,m1_a4_e4,train/421_G.png,G,0.7999393404417561,0.8552531753995252,0.7513457584756581,279572,47316,92523
2031,m1_a4_e4,train/442_G.png,G,0.5460458645501921,0.5254077351170099,0.5683716248617184,119711,108133,90910
2031,m1_a4_e4,train/453_N.png,N,0.7123147646779309,0.7488542301995295,0.6791752055927551,257838,86472,121796
2031,m1_a4_e4,train/489_N.png,N,0.8466382902506994,0.8921482912423568,0.8055460184198985,321433,38858,77592
2031,m1_a4_e4,train/8_A.png,A,0.7170468986807397,0.8036251645664848,0.6473092691425198,205098,50118,111749
2031,m4_a1_e4,train/138_A.png,A,0.6137608406471319,0.7025844101709046,0.5448754741876959,165179,69923,137971
2031,m4_a1_e4,train/177_D.png,D,0.8223763054271529,0.8473456104867775,0.7988364524703163,278603,50192,70158
2031,m4_a1_e4,train/222_D.png,D,0.2702233655927151,0.18940830477062776,0.47132351631915387,52940,226562,59382
2031,m4_a1_e4,train/421_G.png,G,0.8053438937608604,0.8756779452340213,0.745468227200043,277385,39381,94710
2031,m4_a1_e4,train/442_G.png,G,0.5421360631989293,0.5248626398051175,0.560585126839204,118071,106885,92550
2031,m4_a1_e4,train/453_N.png,N,0.7037122001194037,0.7664492980784451,0.6504686092394253,246940,75247,132694
2031,m4_a1_e4,train/489_N.png,N,0.848804900382053,0.8934055982208879,0.8084455861161581,322590,38489,76435
2031,m4_a1_e4,train/8_A.png,A,0.7254843121929433,0.811111934679738,0.6562094638737308,207918,48419,108929
2031,m2_a1_e2,train/138_A.png,A,0.6329023501678691,0.6900042833223006,0.5845291110011546,177200,79610,125950
2031,m2_a1_e2,train/177_D.png,D,0.8349569472155296,0.8317910456255371,0.838147040523453,292313,59113,56448
2031,m2_a1_e2,train/222_D.png,D,0.2699329076392192,0.1885430140588223,0.47496483324727123,53349,229605,58973
2031,m2_a1_e2,train/421_G.png,G,0.8158510994191174,0.8846347116574437,0.7569921659791182,281673,36733,90422
2031,m2_a1_e2,train/442_G.png,G,0.5559920057572807,0.5238033265883578,0.592395819979964,124771,113431,85850
2031,m2_a1_e2,train/453_N.png,N,0.7202178893272297,0.7499893054228636,0.6927198301521992,262980,87665,116654
2031,m2_a1_e2,train/489_N.png,N,0.8533739957319807,0.870059998750026,0.837315957646764,334110,49898,64915
2031,m2_a1_e2,train/8_A.png,A,0.7488055914758466,0.8086304970094511,0.6972229498780168,220913,52281,95934
2031,m2_a4_e8,train/138_A.png,A,0.6241528947593236,0.6619234452945593,0.5904601682335477,178998,91423,124152
2031,m2_a4_e8,train/177_D.png,D,0.8124878861187483,0.8136642569172461,0.8113149119310932,282955,64799,65806
2031,m2_a4_e8,train/222_D.png,D,0.26416664559304615,0.17806304449561614,0.5115115471590606,57454,265207,54868
2031,m2_a4_e8,train/421_G.png,G,0.8016242084946443,0.8437838785081427,0.7634770690280708,284086,52595,88009
2031,m2_a4_e8,train/442_G.png,G,0.5417648836506498,0.4967127007310827,0.595804786797138,125489,127150,85132
2031,m2_a4_e8,train/453_N.png,N,0.7153224870269974,0.7248267339450037,0.7060642618943509,268046,101761,111588
2031,m2_a4_e8,train/489_N.png,N,0.8485292143071091,0.875076891941192,0.8235448906710106,328615,46912,70410
2031,m2_a4_e8,train/8_A.png,A,0.7272394825969459,0.7761454290256513,0.6841314577698384,216765,62519,100082
2031,m2_a8_e16,train/138_A.png,A,0.595883153964419,0.6375260832785036,0.5593468579910935,169566,96409,133584
2031,m2_a8_e16,train/177_D.png,D,0.798467620809993,0.8232771747737212,0.7751096022777776,270328,58028,78433
2031,m2_a8_e16,train/222_D.png,D,0.20945750822808948,0.1391943323752516,0.4229625540855754,47508,293799,64814
2031,m2_a8_e16,train/421_G.png,G,0.7642179506283217,0.7634687494970844,0.764968623604187,284641,88185,87454
2031,m2_a8_e16,train/442_G.png,G,0.4975422677099432,0.4484708967283593,0.5586717373861106,117668,144708,92953
2031,m2_a8_e16,train/453_N.png,N,0.6866502861858103,0.7435311673836347,0.6378538276339843,242151,83526,137483
2031,m2_a8_e16,train/489_N.png,N,0.8306423164984589,0.8783964278129855,0.7878127936846062,314357,43519,84668
2031,m2_a8_e16,train/8_A.png,A,0.6907932058597791,0.7327969188617063,0.6533437274141778,207010,75483,109837
2032,m2_a2_e4,train/138_A.png,A,0.6014049716416472,0.7041080492629586,0.5248490846115784,159108,66863,144042
2032,m2_a2_e4,train/177_D.png,D,0.8092144817478762,0.8302615861677868,0.7892080823257187,275245,56271,73516
2032,m2_a2_e4,train/222_D.png,D,0.2652067231659197,0.18811025147951047,0.4493865849967059,50476,217856,61846
2032,m2_a2_e4,train/421_G.png,G,0.814620172974164,0.8354099286773533,0.7948400274123544,295756,58269,76339
2032,m2_a2_e4,train/442_G.png,G,0.5233058916590982,0.49806527446505483,0.5512413292121868,116103,117005,94518
2032,m2_a2_e4,train/453_N.png,N,0.7114408467657302,0.7767776132200483,0.6562425915487021,249132,71593,130502
2032,m2_a2_e4,train/489_N.png,N,0.8486065171693277,0.8540310872412358,0.843250422905833,336478,57510,62547
2032,m2_a2_e4,train/8_A.png,A,0.7286266214111293,0.7899130229591367,0.6761654678756623,214241,56980,102606
2032,m1_a4_e4,train/138_A.png,A,0.608286228230855,0.6830673631345988,0.5482632360217714,166206,77117,136944
2032,m1_a4_e4,train/177_D.png,D,0.8114906637992874,0.8237777318247614,0.7995647449112716,278857,59653,69904
2032,m1_a4_e4,train/222_D.png,D,0.2605752353188738,0.18304958862425277,0.4520129627321451,50771,226591,61551
2032,m1_a4_e4,train/421_G.png,G,0.8081986973265949,0.822203870077941,0.794662653354654,295690,63941,76405
2032,m1_a4_e4,train/442_G.png,G,0.5145232443698258,0.502215149816459,0.5274497794616871,111092,110112,99529
2032,m1_a4_e4,train/453_N.png,N,0.7139968062162619,0.7617079601886054,0.671910313617853,255080,79799,124554
2032,m1_a4_e4,train/489_N.png,N,0.847007938791063,0.8529116555157177,0.8411853893866299,335654,57885,63371
2032,m1_a4_e4,train/8_A.png,A,0.7251632460691784,0.7917295480014942,0.6689222242912194,211946,55754,104901
2032,m4_a1_e4,train/138_A.png,A,0.6123322490886977,0.6977693018467497,0.5455352135906317,165379,71632,137771
2032,m4_a1_e4,train/177_D.png,D,0.8182409571987441,0.8487784135553111,0.7898245503367636,275460,49077,73301
2032,m4_a1_e4,train/222_D.png,D,0.25828630485333914,0.1859470635918281,0.4227488826765905,47484,207879,64838
2032,m4_a1_e4,train/421_G.png,G,0.808699287373978,0.8367977511942469,0.7824265308590548,291137,56781,80958
2032,m4_a1_e4,train/442_G.png,G,0.5289831973820297,0.5115950000443573,0.5475949691626191,115335,110107,95286
2032,m4_a1_e4,train/453_N.png,N,0.7183094748059984,0.7897846966265875,0.6586975876765516,250064,66559,129570
2032,m4_a1_e4,train/489_N.png,N,0.8472620177479817,0.8714007957320788,0.8244245348035837,328966,48548,70059
2032,m4_a1_e4,train/8_A.png,A,0.7242578602852511,0.8099940669497877,0.6549344005150751,207514,48678,109333
2032,m2_a1_e2,train/138_A.png,A,0.631314431319246,0.7196522884536631,0.5622925944252021,170459,66404,132691
2032,m2_a1_e2,train/177_D.png,D,0.8217770085946438,0.8411482650221132,0.8032778894429137,280152,52907,68609
2032,m2_a1_e2,train/222_D.png,D,0.2949008798897488,0.20994875433022137,0.4953259379284557,55636,209362,56686
2032,m2_a1_e2,train/421_G.png,G,0.8209467598169116,0.8365352696516691,0.805928593504347,299882,58599,72213
2032,m2_a1_e2,train/442_G.png,G,0.5672192933258553,0.5376580515376665,0.6002203009196614,126419,108710,84202
2032,m2_a1_e2,train/453_N.png,N,0.7161070664884951,0.7172395933801399,0.7149781104958987,271430,107007,108204
2032,m2_a1_e2,train/489_N.png,N,0.8535127360792137,0.8703620245448317,0.837303427103565,334105,49764,64920
2032,m2_a1_e2,train/8_A.png,A,0.7460972859389358,0.8148261659328584,0.6880607990607454,218010,49544,98837
2032,m2_a4_e8,train/138_A.png,A,0.6083289687015683,0.6639690015647498,0.5612930892297543,170156,86115,132994
2032,m2_a4_e8,train/177_D.png,D,0.792188169753794,0.786926802770359,0.7975203649490625,278144,75312,70617
2032,m2_a4_e8,train/222_D.png,D,0.23463844004885376,0.15914255608170727,0.4464129912216663,50142,264934,62180
2032,m2_a4_e8,train/421_G.png,G,0.8018402838678341,0.8050989582627779,0.7986078823956247,297158,71937,74937
2032,m2_a4_e8,train/442_G.png,G,0.5267080307099358,0.49169867401085987,0.5670849535421444,119440,123473,91181
2032,m2_a4_e8,train/453_N.png,N,0.7117664181990127,0.7904942659997105,0.6472997676709673,245737,65128,133897
2032,m2_a4_e8,train/489_N.png,N,0.8396297420483625,0.826965003147505,0.8526884280433557,340244,71193,58781
2032,m2_a4_e8,train/8_A.png,A,0.728722037376993,0.7788228874225442,0.6846774626239163,216938,61608,99909
2032,m2_a8_e16,train/138_A.png,A,0.5795341320681153,0.6754268504168625,0.5074847435263071,153844,73929,149306
2032,m2_a8_e16,train/177_D.png,D,0.8073640217060478,0.8371656239223607,0.7796112524049421,271898,52886,76863
2032,m2_a8_e16,train/222_D.png,D,0.2575431093266708,0.185647885994715,0.42031837039938746,47211,207093,65111
2032,m2_a8_e16,train/421_G.png,G,0.8059589017984681,0.8450690937180292,0.7703086577352558,286628,52549,85467
2032,m2_a8_e16,train/442_G.png,G,0.5191338413677777,0.5157944564738525,0.5225167480925453,110053,103313,100568
2032,m2_a8_e16,train/453_N.png,N,0.6692492026687992,0.680845091150908,0.6580416927883171,249815,117104,129819
2032,m2_a8_e16,train/489_N.png,N,0.8446088647253729,0.8561747530819696,0.8333512937785853,332528,55860,66497
2032,m2_a8_e16,train/8_A.png,A,0.7158309851276422,0.8022537330392091,0.6462172594343643,204752,50469,112095
2033,m2_a2_e4,train/138_A.png,A,0.6409596280157751,0.6974322363366882,0.5929473857826159,179752,77982,123398
2033,m2_a2_e4,train/177_D.png,D,0.8125452545942823,0.8126373027572401,0.8124532272817201,283352,65330,65409
2033,m2_a2_e4,train/222_D.png,D,0.2566820633517043,0.1833618955652841,0.4277078399601147,48041,213960,64281
2033,m2_a2_e4,train/421_G.png,G,0.8196867885095811,0.8450373837109754,0.7958128972439834,296118,54302,75977
2033,m2_a2_e4,train/442_G.png,G,0.5281396248664185,0.5128437945887436,0.5443759169313601,114657,108914,95964
2033,m2_a2_e4,train/453_N.png,N,0.7023107611075373,0.7292886946211732,0.6772575691323749,257110,95439,122524
2033,m2_a2_e4,train/489_N.png,N,0.8531360497219963,0.8681053289649465,0.8386742685295407,334652,50845,64373
2033,m2_a2_e4,train/8_A.png,A,0.7425359611953612,0.8288053518990296,0.6725327997424625,213090,44015,103757
2033,m1_a4_e4,train/138_A.png,A,0.6337003677565766,0.6999150544967278,0.5789312221672439,175503,75246,127647
2033,m1_a4_e4,train/177_D.png,D,0.8171504919227499,0.8144933398662276,0.8198250377765862,285923,65121,62838
2033,m1_a4_e4,train/222_D.png,D,0.2811490184871733,0.20332980930502453,0.4554673171774007,51159,200447,61163
2033,m1_a4_e4,train/421_G.png,G,0.8186171362587868,0.8337564760341449,0.8040177911554844,299171,59652,72924
2033,m1_a4_e4,train/442_G.png,G,0.5436587633658764,0.5325691436794958,0.5552200397871058,116941,102638,93680
2033,m1_a4_e4,train/453_N.png,N,0.7290559633968998,0.6944738498512245,0.7672626793174478,291279,128145,88355
2033,m1_a4_e4,train/489_N.png,N,0.8522841959540928,0.8681179008655421,0.8370177307186266,333991,50739,65034
2033,m1_a4_e4,train/8_A.png,A,0.74820663816191,0.827323963049064,0.6829005797750966,216375,45161,100472
2033,m4_a1_e4,train/138_A.png,A,0.6396279768169635,0.6830347442323975,0.601408543625268,182317,84605,120833
2033,m4_a1_e4,train/177_D.png,D,0.8191617038300142,0.8106698114532003,0.8278333873340196,288716,67429,60045
2033,m4_a1_e4,train/222_D.png,D,0.24707762345916895,0.17364832656834564,0.4281084738519613,48086,228830,64236
2033,m4_a1_e4,train/421_G.png,G,0.818350592021123,0.8379638104625783,0.7996345019417085,297540,57535,74555
2033,m4_a1_e4,train/442_G.png,G,0.527495325190016,0.5170076090871375,0.5384173467982775,113402,105941,97219
2033,m4_a1_e4,train/453_N.png,N,0.7135285496126093,0.7239741347757127,0.7033800976730219,267027,101808,112607
2033,m4_a1_e4,train/489_N.png,N,0.8539365282302437,0.8734636007694444,0.83526345467076,333291,48283,65734
2033,m4_a1_e4,train/8_A.png,A,0.73853887841577,0.8206117323931166,0.6713902924755482,212728,46503,104119
2033,m2_a1_e2,train/138_A.png,A,0.6528304828314395,0.7050919973059026,0.6077816262576282,184249,77063,118901
2033,m2_a1_e2,train/177_D.png,D,0.8147489928527792,0.8093218660706708,0.820249397151631,286071,67399,62690
2033,m2_a1_e2,train/222_D.png,D,0.2864289826189991,0.20169784224973186,0.49391926781930523,55478,219577,56844
2033,m2_a1_e2,train/421_G.png,G,0.8205755036163129,0.8248031496062992,0.816390975422943,303775,64525,68320
2033,m2_a1_e2,train/442_G.png,G,0.551768142114768,0.5358624114680972,0.5686470010112952,119769,103738,90852
2033,m2_a1_e2,train/453_N.png,N,0.727448377637219,0.7012316589387544,0.7557015441188092,286890,122233,92744
2033,m2_a1_e2,train/489_N.png,N,0.8504043316222488,0.8680447889750216,0.8334665747760165,332574,50556,66451
2033,m2_a1_e2,train/8_A.png,A,0.7467003038419745,0.8264396652431201,0.6809942969319577,215771,45314,101076
2033,m2_a4_e8,train/138_A.png,A,0.6363627018284492,0.6620382583400471,0.6126043212930893,185711,94803,117439
2033,m2_a4_e8,train/177_D.png,D,0.8147174843826771,0.7981044531050169,0.8320368389814228,290182,73407,58579
2033,m2_a4_e8,train/222_D.png,D,0.26057214910552445,0.1848197117176204,0.4415519666672602,49596,218752,62726
2033,m2_a4_e8,train/421_G.png,G,0.8075392154764707,0.8038043608498039,0.8113089399212566,301884,73685,70211
2033,m2_a4_e8,train/442_G.png,G,0.5166283572053284,0.48088527071529386,0.5581114893576614,117550,126895,93071
2033,m2_a4_e8,train/453_N.png,N,0.7389136071850528,0.7254677997421136,0.7528672352845108,285814,108158,93820
2033,m2_a4_e8,train/489_N.png,N,0.8428481951294833,0.8376050607347569,0.8481573836225801,338436,65616,60589
2033,m2_a4_e8,train/8_A.png,A,0.7396361894051061,0.7820676552852394,0.7015720521261051,222291,61944,94556
2033,m2_a8_e16,train/138_A.png,A,0.6012581604862138,0.6390800414449277,0.5676628731650998,172087,97186,131063
2033,m2_a8_e16,train/177_D.png,D,0.8087918804262747,0.8132359335594399,0.8043961337420181,280542,64428,68219
2033,m2_a8_e16,train/222_D.png,D,0.24260233088704145,0.16669609747483666,0.44543366393048556,50032,250107,62290
2033,m2_a8_e16,train/421_G.png,G,0.7919079738401232,0.7570356173918158,0.8301482148376087,308894,99137,63201
2033,m2_a8_e16,train/442_G.png,G,0.5069889433018193,0.45224392858738216,0.5768133282056395,121489,147147,89132
2033,m2_a8_e16,train/453_N.png,N,0.7182755281051281,0.6841117975706958,0.7560308086209349,287015,132529,92619
2033,m2_a8_e16,train/489_N.png,N,0.8347053433279755,0.8338931923972557,0.8355190777520205,333393,66410,65632
2033,m2_a8_e16,train/8_A.png,A,0.7133656064005108,0.7539475534308211,0.6769292434518869,214483,69997,102364
