key,fold,arm,threshold,fp_fov,thin_recall,mare,extra,precision
train/105_A.png,1,M0_fixed,0.5,0.00443767341205434,0.7194899817850637,0.07692954077559766,0.028486198058905086,0.9525685277841329
train/105_A.png,1,M1_fixed,0.5,0.005090062589653102,0.7423887587822015,0.05982941893197765,0.03638502583925045,0.9465605346552066
train/105_A.png,1,M1_match_M0,0.54,0.0047798442455738045,0.7373145979703357,0.06361077265661107,0.03499852947355153,0.9494821328454661
train/105_A.png,1,M0_match_M1,0.46,0.004753165467982985,0.723783502472027,0.07377841267173649,0.03004075459014327,0.9495437466451959
train/110_A.png,0,M0_fixed,0.5,0.0062986063604100655,0.6644778648591401,0.026299198414842836,0.13329730703413492,0.8437174459219315
train/110_A.png,0,M1_fixed,0.5,0.005689213185119693,0.7011226435077315,0.006935062595694858,0.13726019994596056,0.8575888475893885
train/110_A.png,0,M1_match_M0,0.555,0.005369389816527583,0.6920144037280237,0.012789336215437269,0.13194632081419436,0.863556489950892
train/110_A.png,0,M0_match_M1,0.445,0.0066462136123740774,0.6706206312221987,0.019093938575159865,0.13653967396199226,0.8375758215891601
train/112_A.png,1,M0_fixed,0.5,0.011949147098355472,0.8890275229357798,0.04256214578306492,0.020930363054822963,0.9200003308334729
train/112_A.png,1,M1_fixed,0.5,0.012230503340449082,0.896,0.03686661803490264,0.023006565288143203,0.9184686493108098
train/112_A.png,1,M1_match_M0,0.54,0.011585020853099304,0.892697247706422,0.039728410302452166,0.021996520958419842,0.9223422975798604
train/112_A.png,1,M0_match_M1,0.46,0.012627984661606579,0.8925504587155964,0.040037034958756525,0.02149149879355816,0.9159582339883252
train/113_A.png,1,M0_fixed,0.5,0.008894998072951152,0.843833660538997,0.005008720540226287,0.06717052010196324,0.9172189617809865
train/113_A.png,1,M1_fixed,0.5,0.009897434060341334,0.8613242905586294,0.025311927015786415,0.08380662761057198,0.9089320421454632
train/113_A.png,1,M1_match_M0,0.54,0.009395289600853831,0.8581117258611458,0.018827422744957738,0.07946871785698315,0.9129151650641621
train/113_A.png,1,M0_match_M1,0.46,0.009337539899793459,0.8465107977868999,0.008273333035195205,0.06949599749563973,0.9136834412433056
train/117_A.png,1,M0_fixed,0.5,0.0023808404654436423,0.6468482799761384,0.09539174319516837,0.009514354264912716,0.9771851061623031
train/117_A.png,1,M1_fixed,0.5,0.0031384790081552833,0.701133426128455,0.07421196326631918,0.012203193513692397,0.9704933189128842
train/117_A.png,1,M1_match_M0,0.54,0.0028932515124939235,0.6943726386955658,0.0771903698188136,0.011665425663936461,0.9726156502904977
train/117_A.png,1,M0_match_M1,0.46,0.0025880314138586624,0.6583813879498907,0.09051046578969141,0.01038305617605692,0.9753637011262812
train/120_A.png,0,M0_fixed,0.5,0.008275493860117458,0.5568853427895981,0.1583961474036851,0.05019891122278057,0.8882729104356205
train/120_A.png,0,M1_fixed,0.5,0.009013008937928852,0.5994385342789598,0.13929020100502512,0.05360134003350084,0.880682422427827
train/120_A.png,0,M1_match_M0,0.555,0.008512475035099167,0.5929373522458629,0.1443676716917923,0.049675460636515914,0.8860851084943107
train/120_A.png,0,M0_match_M1,0.445,0.0087927122263748,0.5647163120567376,0.15300460636515914,0.052554438860971525,0.8826241895302988
train/133_A.png,0,M0_fixed,0.5,0.011730271717001181,0.8825896964121435,0.040725233054194974,0.02472744509401169,0.8988695500943157
train/133_A.png,0,M1_fixed,0.5,0.01253469704944733,0.8970791168353266,0.03385210933796808,0.0267814820666772,0.8930370393910985
train/133_A.png,0,M1_match_M0,0.555,0.011774651663968697,0.890409383624655,0.039263706746721444,0.024845947227050087,0.8987134958793959
train/133_A.png,0,M0_match_M1,0.445,0.012441281916319904,0.889949402023919,0.03847369252646548,0.027768999841997155,0.8935624505488087
train/137_A.png,0,M0_fixed,0.5,0.006905493102855454,0.837819089900111,0.038234403391883706,0.024947001817080556,0.9430164319248826
train/137_A.png,0,M1_fixed,0.5,0.007706026915746367,0.8704217536071032,0.016959418534221685,0.03365384615384615,0.9372056752241844
train/137_A.png,0,M1_match_M0,0.555,0.006998873254069457,0.8627913429522752,0.019003634161114474,0.030852513628104178,0.9424760094335787
train/137_A.png,0,M0_match_M1,0.445,0.007585127448446118,0.845449500554939,0.03191247728649303,0.02778619018776499,0.9379301445285616
train/138_A.png,0,M0_fixed,0.5,0.00543683474046086,0.6696730552423901,0.03695827106563973,0.07357167490516152,0.938091675185033
train/138_A.png,0,M1_fixed,0.5,0.006010935367560137,0.7254791431792559,0.03287734222324405,0.07541096677779055,0.9329861982865653
train/138_A.png,0,M1_match_M0,0.555,0.00561915256454236,0.713641488162345,0.04075181055293712,0.07299689619496494,0.936704462135612
train/138_A.png,0,M0_match_M1,0.445,0.0058384892361531,0.6801014656144306,0.0282216346706518,0.0784572939418324,0.9342319707821204
train/13_A.png,1,M0_fixed,0.5,0.004421462183029919,0.6951039790404454,0.10242032111190989,0.02827701893122454,0.9491034747007443
train/13_A.png,1,M1_fixed,0.5,0.004505909460190814,0.7217946618634354,0.08761083153606518,0.03364485981308411,0.9485843101259368
train/13_A.png,1,M1_match_M0,0.54,0.0042510266200008135,0.7185197314557066,0.08943206326383897,0.03230289959261922,0.9512340855816519
train/13_A.png,1,M0_match_M1,0.46,0.004670797391873583,0.6991976420501065,0.10069494368559789,0.029427270548765875,0.9465164209233549
train/143_A.png,1,M0_fixed,0.5,0.005788783207609052,0.6184658521930703,0.12003045170021993,0.10133649128743022,0.8357404367026927
train/143_A.png,1,M1_fixed,0.5,0.006831500584788084,0.6621269777688764,0.05523600067670445,0.12502114701404163,0.8216688609067192
train/143_A.png,1,M1_match_M0,0.54,0.006524254781957586,0.6565191267774885,0.061833869057689055,0.12096092031805109,0.8275117386253947
train/143_A.png,1,M0_match_M1,0.46,0.006096338422124173,0.630682956138594,0.11140246997124006,0.10362036880392489,0.8295809367296632
train/144_A.png,0,M0_fixed,0.5,0.008571751260971445,0.5754845754845754,0.024596584678051075,0.16089613034623218,0.8469744975959941
train/144_A.png,0,M1_fixed,0.5,0.007908686306048691,0.6098826098826099,0.017311608961303463,0.14930283565721447,0.8596219723088108
train/144_A.png,0,M1_match_M0,0.555,0.00744047619047619,0.5975975975975976,0.02475325082249726,0.1437411875293749,0.8658536585365854
train/144_A.png,0,M0_match_M1,0.445,0.00910511984193177,0.5855855855855856,0.010339965533448223,0.16888610371298762,0.840181031947455
train/145_A.png,0,M0_fixed,0.5,0.008280521976619848,0.6604875571356018,0.015139900344959755,0.08847578893573528,0.8723138790513758
train/145_A.png,0,M1_fixed,0.5,0.00908654091526407,0.7008633824276282,0.01066819982113198,0.10399897789702313,0.8627132909219998
train/145_A.png,0,M1_match_M0,0.555,0.008575232376193623,0.6957846622651092,0.004982752012265236,0.09914398875686725,0.868916797488226
train/145_A.png,0,M0_match_M1,0.445,0.00878498402277517,0.6655662772981209,0.011498658489842852,0.08975341765682893,0.8661434871259899
train/154_D.png,0,M0_fixed,0.5,0.0050458211777017585,0.718145956607495,0.11838390966831334,0.01337332392378264,0.9559961471404894
train/154_D.png,0,M1_fixed,0.5,0.0048665718897626135,0.7462524654832348,0.10790402258292167,0.014714184897671137,0.9576470967291552
train/154_D.png,0,M1_match_M0,0.555,0.004388368109546305,0.7411242603550295,0.11157374735356387,0.013620324629498942,0.9614807593359872
train/154_D.png,0,M0_match_M1,0.445,0.0055718453359396986,0.7236686390532544,0.11256175017642908,0.014749470712773466,0.9518281818472799
train/155_D.png,0,M0_fixed,0.5,0.0017964513630159727,0.6640893470790378,0.021936656282450676,0.09228971962616822,0.9454224530011114
train/155_D.png,0,M1_fixed,0.5,0.0021471958882044095,0.6520618556701031,0.006749740394600207,0.11357736240913811,0.9347586490323545
train/155_D.png,0,M1_match_M0,0.555,0.001999643414856075,0.6314432989690721,0.013759086188992731,0.11240913811007269,0.9384305225597002
train/155_D.png,0,M0_match_M1,0.445,0.001986117771465811,0.6829896907216495,0.011812045690550364,0.10163551401869159,0.9405409384979248
train/160_D.png,1,M0_fixed,0.5,0.007369306159926544,0.6126670327658795,0.0770211796857208,0.03498064222272831,0.9307835624143144
train/160_D.png,1,M1_fixed,0.5,0.007909185496427003,0.6077246933919092,0.07219312229560465,0.04559325893873833,0.926349846217294
train/160_D.png,1,M1_match_M0,0.54,0.007492814084394586,0.6033315028372689,0.07574584377135049,0.043315873377362785,0.9297946206267753
train/160_D.png,1,M0_match_M1,0.46,0.007784741905864505,0.6203551162365001,0.07506262810293783,0.03648371669323616,0.9273497805357954
train/161_D.png,1,M0_fixed,0.5,0.005536944781422616,0.6790019031507718,0.16664037606082593,0.007382402120074455,0.9462656686537284
train/161_D.png,1,M1_fixed,0.5,0.005601295638305078,0.6832311270881793,0.15704956305013093,0.009874751553774805,0.945974359202801
train/161_D.png,1,M1_match_M0,0.54,0.005273383377157601,0.6803411573976176,0.1596996561188756,0.009369971921632962,0.9488151913714732
train/161_D.png,1,M0_match_M1,0.46,0.005874401906509597,0.6818213857757102,0.16417957535413447,0.007887181752216298,0.943342212560989
train/164_D.png,0,M0_fixed,0.5,0.010293368911220041,0.8470008028443629,0.03667035991279174,0.029057507416276492,0.9182711459301554
train/164_D.png,0,M1_fixed,0.5,0.010333010010616381,0.8681041403830715,0.02112298509596483,0.03770685156724687,0.9182404732324235
train/164_D.png,0,M1_match_M0,0.555,0.009572706112038134,0.8603050808578966,0.028092497944887235,0.034597376603881486,0.9236496033039887
train/164_D.png,0,M0_match_M1,0.445,0.011055840682421526,0.8518178690216768,0.035562386075270735,0.03073733871832446,0.9129003767103234
train/175_D.png,1,M0_fixed,0.5,0.005246123423385613,0.6159000362187613,0.10538862900323857,0.035534364879453044,0.9433474964592186
train/175_D.png,1,M1_fixed,0.5,0.005124228202665771,0.6323795726186164,0.10192515293270961,0.037378553436487945,0.9448049142074577
train/175_D.png,1,M1_match_M0,0.54,0.0048267421450102575,0.6280333212604129,0.10489384670744872,0.03670385030586542,0.947614502218873
train/175_D.png,1,M0_match_M1,0.46,0.0055997738612209025,0.6204273813835567,0.10026088521050738,0.03746851385390428,0.9400471138629073
train/177_D.png,1,M0_fixed,0.5,0.007360039211969129,0.8039094966907804,0.04246361121135571,0.037691968402903085,0.9342680515719417
train/177_D.png,1,M1_fixed,0.5,0.008141098234463628,0.827920578728644,0.019688038814707886,0.050803961666466176,0.9280888602456161
train/177_D.png,1,M1_match_M0,0.54,0.007704266421882873,0.8257657380329383,0.02293596375155379,0.048157504310517664,0.9315748663842043
train/177_D.png,1,M0_match_M1,0.46,0.007793441224451107,0.8074495921194398,0.0403384257588516,0.039135490597056816,0.9307773048152631
train/184_D.png,0,M0_fixed,0.5,0.005598336888517556,0.5369489375198224,0.13315242388004783,0.0412105602060528,0.9412329693002739
train/184_D.png,0,M1_fixed,0.5,0.00561866983121193,0.5528068506184586,0.12965688529114158,0.039784748413209454,0.9415924215542475
train/184_D.png,0,M1_match_M0,0.555,0.0052150917262175425,0.5448778940691406,0.13232453316162265,0.03817496090516052,0.9453369456760065
train/184_D.png,0,M0_match_M1,0.445,0.00608971633696492,0.5470980019029495,0.12731119492227025,0.043372274859718514,0.9366833977699692
train/187_D.png,0,M0_fixed,0.5,0.004190022056662935,0.41089016911354764,0.25977038843614303,0.02534055082981381,0.9287431210070213
train/187_D.png,0,M1_fixed,0.5,0.004367938365327273,0.4302174317041442,0.24460174885491642,0.03765391707810362,0.9263910072919496
train/187_D.png,0,M1_match_M0,0.555,0.004125240682950658,0.42445642073963946,0.24989590149307,0.03444173457854976,0.9297444533010975
train/187_D.png,0,M0_match_M1,0.445,0.0044224911010849795,0.41999628321873256,0.25477366010350366,0.026292308607459403,0.9256022525810825
train/18_A.png,1,M0_fixed,0.5,0.005147905315972543,0.8435202205882353,0.027353689567430027,0.03026172300981461,0.9521083604186652
train/18_A.png,1,M1_fixed,0.5,0.005688121402407116,0.8494944852941176,0.02808069792802617,0.03112504543802254,0.9475726943362395
train/18_A.png,1,M1_match_M0,0.54,0.005342752485609628,0.8453584558823529,0.030670665212649946,0.02917121046892039,0.9504808693593069
train/18_A.png,1,M0_match_M1,0.46,0.005490811709299105,0.8490349264705882,0.025763358778625955,0.03162486368593239,0.9492013407337584
train/198_D.png,1,M0_fixed,0.5,0.004407708853264984,0.6285329744279946,0.06459805653710247,0.03456272084805654,0.9463548673978975
train/198_D.png,1,M1_fixed,0.5,0.004639101857889096,0.6460296096904441,0.060678003533568906,0.03997349823321555,0.9440226381253461
train/198_D.png,1,M1_match_M0,0.54,0.004442683234530706,0.6403095558546433,0.06376987632508833,0.038869257950530034,0.9460624488186589
train/198_D.png,1,M0_match_M1,0.46,0.004635666874014784,0.6332436069986541,0.06100927561837456,0.03643992932862191,0.9439606195475325
train/202_D.png,1,M0_fixed,0.5,0.005182374298738812,0.7911877394636015,0.14492469214541528,0.04145611539027621,0.9300304814397261
train/202_D.png,1,M1_fixed,0.5,0.006671181953696659,0.8065134099616859,0.12044350684393858,0.05852916646224795,0.9129105972029328
train/202_D.png,1,M1_match_M0,0.54,0.006302536601658904,0.8029214559386973,0.1273610361575823,0.055193053034391405,0.9169945502089494
train/202_D.png,1,M0_match_M1,0.46,0.005527824683156743,0.7998084291187739,0.13820340479811608,0.04435068439385763,0.9260662566130453
train/203_D.png,0,M0_fixed,0.5,0.006094746454555435,0.8506722151088348,0.04018126888217523,0.03126888217522659,0.9493524568282955
train/203_D.png,0,M1_fixed,0.5,0.006536679507779519,0.8817221510883483,0.02035498489425982,0.03935045317220544,0.9461875003209391
train/203_D.png,0,M1_match_M0,0.555,0.005994633179971856,0.8769206145966709,0.024886706948640484,0.037197885196374625,0.9502662506015866
train/203_D.png,0,M0_match_M1,0.445,0.006657688699488019,0.8580345710627401,0.034214501510574015,0.03376132930513595,0.9451098471602246
train/204_D.png,1,M0_fixed,0.5,0.005882451384007765,0.7583612040133779,0.0938782875445482,0.03464609554743538,0.9398610349820511
train/204_D.png,1,M1_fixed,0.5,0.00512130599656121,0.760242474916388,0.10520142554247304,0.02431542382821311,0.9471798346832708
train/204_D.png,1,M1_match_M0,0.54,0.004787530108010745,0.7562709030100334,0.10903595434655118,0.0234582938602427,0.9502948908115691
train/204_D.png,1,M0_match_M1,0.46,0.006272631368859236,0.7646321070234113,0.08909640456534489,0.035864122344024904,0.936344995030884
train/222_D.png,0,M0_fixed,0.5,0.009064488145224862,0.6738255033557047,0.033700476738451425,0.27568633897747824,0.7093727991429677
train/222_D.png,0,M1_fixed,0.5,0.008409842699465766,0.6281879194630873,0.06690777576853527,0.3003452243958573,0.7237443850484766
train/222_D.png,0,M1_match_M0,0.555,0.008040753844649789,0.6120805369127517,0.03830346868321552,0.2812756863389775,0.7294089475163719
train/222_D.png,0,M0_match_M1,0.445,0.009494524614792513,0.702013422818792,0.05260562222587539,0.28801578168666775,0.7035222969317567
train/223_D.png,0,M0_fixed,0.5,0.005244593078695487,0.6926345609065155,0.01024075957951848,0.09196337741607324,0.927702832299725
train/223_D.png,0,M1_fixed,0.5,0.005725393823735664,0.7361898016997167,0.021905730756188537,0.09888097660223805,0.9221012511253397
train/223_D.png,0,M1_match_M0,0.555,0.005364561367490078,0.7273371104815864,0.015530688368938624,0.09528653780942692,0.9263028676042697
train/223_D.png,0,M0_match_M1,0.445,0.005600787585632004,0.703257790368272,0.017429637165140725,0.09745676500508647,0.9235638149732891
train/224_D.png,0,M0_fixed,0.5,0.012992679901970472,0.7768018599845001,0.07183248418341638,0.17725771233413581,0.8478284457690137
train/224_D.png,0,M1_fixed,0.5,0.012715366029606498,0.7956600361663653,0.07849504507026482,0.17804154302670624,0.8513038673634108
train/224_D.png,0,M1_match_M0,0.555,0.01204925687293713,0.7884267631103075,0.07088068977100946,0.17137898213985778,0.8572959450513681
train/224_D.png,0,M0_match_M1,0.445,0.013806092752534735,0.783518470679411,0.08364593247858462,0.18632775320530764,0.8406019809322789
train/234_D.png,0,M0_fixed,0.5,0.003989019764917642,0.5840900835452234,0.10855494582805685,0.04404108625299001,0.939574535818953
train/234_D.png,0,M1_fixed,0.5,0.004052067725872411,0.5906284053759535,0.09729843815956099,0.05058393133530322,0.9386013796074721
train/234_D.png,0,M1_match_M0,0.555,0.0037491902663838164,0.5804576825281511,0.10243421978331223,0.048191923455747854,0.942646008954617
train/234_D.png,0,M0_match_M1,0.445,0.004320330618562309,0.5938975662913185,0.10320810468552132,0.047488391726466864,0.9352164241356937
train/23_A.png,1,M0_fixed,0.5,0.007444187865286073,0.7648458514380302,0.06553651266766021,0.0411698956780924,0.9244922408966214
train/23_A.png,1,M1_fixed,0.5,0.006572682214376821,0.7794330643492655,0.06169895678092399,0.0393070044709389,0.9327534091841306
train/23_A.png,1,M1_match_M0,0.54,0.00617054372577609,0.7748810262776743,0.06672876304023845,0.0363263785394933,0.9364608076009501
train/23_A.png,1,M0_match_M1,0.46,0.00790461176366099,0.7692944340989034,0.06322652757078986,0.04269746646795827,0.9203752601658849
train/240_D.png,1,M0_fixed,0.5,0.0074706773447021846,0.7002617801047121,0.055982176715965115,0.05474971558589306,0.9218762093965273
train/240_D.png,1,M1_fixed,0.5,0.007433052566133258,0.7137247569184741,0.05043610163064088,0.06261850587789154,0.9227202770296268
train/240_D.png,1,M1_match_M0,0.54,0.007068523973768745,0.7053103964098728,0.054512703830109976,0.06171786120591581,0.9259842926526816
train/240_D.png,1,M0_match_M1,0.46,0.007866662719148916,0.7047494390426328,0.054086082669700414,0.05617178612059158,0.9183490555468418
train/248_D.png,1,M0_fixed,0.5,0.005313180627570567,0.8282113259668509,0.0015026296018031556,0.06426245930378162,0.9406143748954908
train/248_D.png,1,M1_fixed,0.5,0.00549083728022002,0.8478936464088398,0.007513148009015778,0.06691710493363386,0.9389959277522301
train/248_D.png,1,M1_match_M0,0.54,0.005189756005729894,0.8454765193370166,0.006210869020786376,0.06531430002504382,0.9420090481348234
train/248_D.png,1,M0_match_M1,0.46,0.0056204954688203225,0.8328729281767956,0.0028549962434259953,0.06551465063861758,0.9375549722628141
train/256_D.png,0,M0_fixed,0.5,0.00973229857638692,0.7415519399249061,0.08037725225225226,0.27322635135135137,0.676949846468782
train/256_D.png,0,M1_fixed,0.5,0.009033874640149786,0.7428035043804756,0.047438063063063064,0.24183558558558557,0.6926393755639019
train/256_D.png,0,M1_match_M0,0.555,0.008620987377182228,0.7349812265331664,0.036317567567567564,0.23451576576576577,0.7008431775380928
train/256_D.png,0,M0_match_M1,0.445,0.010187430465961315,0.7515644555694618,0.08460022522522523,0.27449324324324326,0.6687322023021698
train/262_D.png,1,M0_fixed,0.5,0.003985377330687467,0.8683666436940042,0.0235685692439167,0.028156344173076057,0.9602444984780092
train/262_D.png,1,M1_fixed,0.5,0.0046355875591881646,0.9076498966230186,0.0031034948050195654,0.03683713399001484,0.9544578524012173
train/262_D.png,1,M1_match_M0,0.54,0.004339646737528734,0.9036871123363198,0.005487338640759232,0.035172941123555075,0.9571423374040432
train/262_D.png,1,M0_match_M1,0.46,0.004292983869383264,0.875947622329428,0.020689965366797104,0.030360275266495748,0.9574162271459371
train/266_D.png,1,M0_fixed,0.5,0.010688065222239248,0.5527862685163414,0.19341414872444365,0.11036728785959833,0.8414621187971523
train/266_D.png,1,M1_fixed,0.5,0.010531400785626989,0.5777098518692687,0.1727278209999397,0.11036728785959833,0.8450437651803309
train/266_D.png,1,M1_match_M0,0.54,0.010176647717433419,0.5715965201034564,0.17791448042940716,0.10680899825101019,0.8487237775997851
train/266_D.png,1,M0_match_M1,0.46,0.011096389429791284,0.5570185751234423,0.1829202098787769,0.1160967372293589,0.8371776298049898
train/269_D.png,0,M0_fixed,0.5,0.003867108774568113,0.437976829612885,0.14386157648997527,0.02993683054106015,0.9532341794087286
train/269_D.png,0,M1_fixed,0.5,0.004099153790684918,0.4521051144391071,0.13150233452348256,0.03630870639934084,0.95133871575474
train/269_D.png,0,M1_match_M0,0.555,0.0037780503288074798,0.4467363662051427,0.13688547102444384,0.0345509475418841,0.9547118513839482
train/269_D.png,0,M0_match_M1,0.445,0.004212556932691537,0.44899689177733826,0.13853336995330953,0.033012908541609445,0.9496022002492239
train/271_D.png,1,M0_fixed,0.5,0.0034398316575654066,0.8334061135371179,0.019186150276637514,0.037256826699982155,0.9665590184402613
train/271_D.png,1,M1_fixed,0.5,0.0035096038667387854,0.859825327510917,0.002810994110298055,0.04216491165447082,0.9660522952327484
train/271_D.png,1,M1_match_M0,0.54,0.0032623138687393337,0.8554585152838428,0.0062020346243084066,0.04020167767267535,0.9682527760419171
train/271_D.png,1,M0_match_M1,0.46,0.0037047190711528345,0.8406113537117904,0.01499196858825629,0.03877387114046047,0.9642045352853793
train/274_D.png,0,M0_fixed,0.5,0.010007525525518092,0.778109627547435,0.03374812375926015,0.06899724011039558,0.8961535621052497
train/274_D.png,0,M1_fixed,0.5,0.01020804117254619,0.784082923401265,0.021498087444923257,0.07228973998934779,0.8951098534227846
train/274_D.png,0,M1_match_M0,0.555,0.00956224463651588,0.7774068868587491,0.024887425555609355,0.0683677916041253,0.9007824515101603
train/274_D.png,0,M0_match_M1,0.445,0.010661676880174572,0.7870695713281799,0.026969447537887957,0.07204764441001307,0.8904984220712976
train/276_D.png,1,M0_fixed,0.5,0.00953328098455217,0.8867120954003407,0.008359502852846212,0.04294749878367022,0.9186208277562893
train/276_D.png,1,M1_fixed,0.5,0.010339810260361107,0.9148211243611585,0.018620903180149497,0.060551107965854306,0.912871704306347
train/276_D.png,1,M1_match_M0,0.54,0.009844101872703568,0.910221465076661,0.015082489274182848,0.05860498031757265,0.9166087070205255
train/276_D.png,1,M0_match_M1,0.46,0.010023433487416538,0.8899488926746167,0.004555707903932063,0.04542438851784687,0.9149030952905045
train/277_D.png,1,M0_fixed,0.5,0.003951242492050406,0.369750503641717,0.41873187811149404,0.04573554351988621,0.9179933488997382
train/277_D.png,1,M1_fixed,0.5,0.005960490674336294,0.4388656438865644,0.36178127906340607,0.07150281744077903,0.8874360565160898
train/277_D.png,1,M1_match_M0,0.54,0.005604386068220841,0.4314272431427243,0.36517314951583785,0.06657913452595875,0.8926047345852783
train/277_D.png,1,M0_match_M1,0.46,0.004240713077004134,0.3762591042925771,0.4144099786640407,0.04918212156026041,0.9133307152448757
train/285_D.png,0,M0_fixed,0.5,0.005033722459170131,0.7082956259426848,0.013343937787203958,0.107988688582538,0.8888140345146714
train/285_D.png,0,M1_fixed,0.5,0.005535277031881372,0.7360482654600302,0.006892895015906681,0.12256981265464828,0.8808190827440732
train/285_D.png,0,M1_match_M0,0.555,0.005185914080127964,0.7239819004524887,0.0015906680805938495,0.1184164015553199,0.8868711986289862
train/285_D.png,0,M0_match_M1,0.445,0.005401262142981255,0.7254901960784313,0.005390597384234712,0.11373276776246023,0.8824302575107296
train/296_D.png,0,M0_fixed,0.5,0.0065185827564257556,0.6551789077212806,0.08447809626825312,0.060411032990805844,0.9222884412466498
train/296_D.png,0,M1_fixed,0.5,0.005972720454354809,0.6596986817325801,0.07393185505678745,0.06560302866414278,0.9283690618851065
train/296_D.png,0,M1_match_M0,0.555,0.005463248972421926,0.6510357815442561,0.07896160086533262,0.06100594916170903,0.9338093530018383
train/296_D.png,0,M0_match_M1,0.445,0.007037922935345232,0.6627118644067796,0.0795565170362358,0.06235803136830719,0.9169154482437234
train/299_D.png,1,M0_fixed,0.5,0.014081539877368637,0.528374655647383,0.06917189952904239,0.2753139717425432,0.7633479127306607
train/299_D.png,1,M1_fixed,0.5,0.016302185164241513,0.5933884297520661,0.1283359497645212,0.3203492935635793,0.7375389253624769
train/299_D.png,1,M1_match_M0,0.54,0.015764425570499483,0.5834710743801653,0.1211734693877551,0.3125,0.7429399386278144
train/299_D.png,1,M0_match_M1,0.46,0.014623919398891957,0.5377410468319559,0.08114207221350078,0.2861067503924647,0.7574282211096353
train/304_G.png,0,M0_fixed,0.5,0.0036649217883217523,0.6003363228699552,0.16470745988468244,0.026102891878603676,0.9532209010821473
train/304_G.png,0,M1_fixed,0.5,0.004590618539055352,0.6565302690582959,0.13409019800652572,0.03347785276896259,0.9436059374113642
train/304_G.png,0,M1_match_M0,0.555,0.004263992582112104,0.6463004484304933,0.13771063335270192,0.03142180306619586,0.9470610493003773
train/304_G.png,0,M0_match_M1,0.445,0.003970921977955673,0.60972533632287,0.16001430295445404,0.027935457918026194,0.9498719498214293
train/307_G.png,1,M0_fixed,0.5,0.003561797212463639,0.6120533508974147,0.14984534856055198,0.02212705210563883,0.9532922609229973
train/307_G.png,1,M1_fixed,0.5,0.0038321534661706334,0.614687963115429,0.14670473471330003,0.028646205091601238,0.9501873334535473
train/307_G.png,1,M1_match_M0,0.54,0.003613587235978776,0.6097480652066524,0.15017844396859387,0.027123483226266953,0.9527117522712236
train/307_G.png,1,M0_match_M1,0.46,0.003774197963665599,0.6179812283879467,0.1457530335474661,0.02360218891268142,0.9508486960431655
train/312_G.png,0,M0_fixed,0.5,0.0054917403138878326,0.8945655711031565,0.011583011583011582,0.030244530244530245,0.9514650265500249
train/312_G.png,0,M1_fixed,0.5,0.006300048412035825,0.9070940449072568,0.007893607893607893,0.045002145002145,0.9450571642442095
train/312_G.png,0,M1_match_M0,0.555,0.005749238004436124,0.9048161405792385,0.0034749034749034747,0.04195624195624196,0.9494851122010504
train/312_G.png,0,M0_match_M1,0.445,0.0060308182128054775,0.8984705499511878,0.007421707421707422,0.03277563277563277,0.9470960088403536
train/316_G.png,0,M0_fixed,0.5,0.0008030239022774103,0.2937625754527163,0.5941230486685032,0.14967860422405876,0.6875898418782942
train/316_G.png,0,M1_fixed,0.5,0.0010832201258481325,0.39436619718309857,0.5234159779614325,0.1919191919191919,0.6537060734324245
train/316_G.png,0,M1_match_M0,0.555,0.0010228701700021308,0.39235412474849096,0.5500459136822773,0.1717171717171717,0.6627753527560654
train/316_G.png,0,M0_match_M1,0.445,0.0008646054898753712,0.2977867203219316,0.5670339761248853,0.17125803489439853,0.6767211604881418
train/320_G.png,0,M0_fixed,0.5,0.008200515123726094,0.6748724106874813,0.1510699573475265,0.009296051912070285,0.9233807061757905
train/320_G.png,0,M1_fixed,0.5,0.009118480928804662,0.6974882417692385,0.13112901461849732,0.014837227953774927,0.916279439215219
train/320_G.png,0,M1_match_M0,0.555,0.00850423790608632,0.6930851596117282,0.13430060880026248,0.01381648499872407,0.9212855586283027
train/320_G.png,0,M0_match_M1,0.445,0.008800854255085117,0.6798759131391975,0.1477160876380737,0.009915788706208304,0.9184626878916348
train/325_G.png,1,M0_fixed,0.5,0.003911173172611089,0.6218375499334221,0.024401265250790782,0.20078325048953155,0.8790032523436005
train/325_G.png,1,M1_fixed,0.5,0.0045255696540703536,0.6750998668442078,0.04714565446603404,0.2172013857508661,0.8641985618186036
train/325_G.png,1,M1_match_M0,0.54,0.00435457757845537,0.6724367509986684,0.040970025606266,0.21223075764422353,0.8681724999765981
train/325_G.png,1,M0_match_M1,0.46,0.004079382375386046,0.6311584553928096,0.03178189486368429,0.20485012803133001,0.8749395694501056
train/330_G.png,0,M0_fixed,0.5,0.00441151752742445,0.6882090761750406,0.10094598718339945,0.04839792493133964,0.9306152201380115
train/330_G.png,0,M1_fixed,0.5,0.004585778340246091,0.6788897893030794,0.10460787305462313,0.04986267927982911,0.92837218280971
train/330_G.png,0,M1_match_M0,0.555,0.004272170671781613,0.6730145867098866,0.11156545620994812,0.04607873054623131,0.9326235259721275
train/330_G.png,0,M0_match_M1,0.445,0.00476312888379152,0.6936790923824959,0.09307293256026854,0.050961245041196215,0.9258981532220075
train/332_G.png,0,M0_fixed,0.5,0.0038514153619941876,0.7488545246277205,0.04833483826419504,0.025813990545493173,0.9565141697162575
train/332_G.png,0,M1_fixed,0.5,0.004596780958113969,0.766036655211913,0.03675572316354172,0.03494980612949487,0.948741579293056
train/332_G.png,0,M1_match_M0,0.555,0.004204515737483285,0.7577319587628866,0.04227970467944973,0.03202846975088968,0.9526658033516527
train/332_G.png,0,M0_match_M1,0.445,0.004262800428284543,0.7651775486827033,0.04323577840335688,0.02756679237265629,0.952345821166688
train/335_G.png,0,M0_fixed,0.5,0.003554093356363587,0.6071154338367033,0.12814043939871755,0.030537159676232523,0.954248236349064
train/335_G.png,0,M1_fixed,0.5,0.004025362868277552,0.6424366521627848,0.11005991800693787,0.039104383475244406,0.9489261188543182
train/335_G.png,0,M1_match_M0,0.555,0.003720224335383618,0.6314307652930637,0.11710291180489855,0.035214968989803426,0.9523681738897088
train/335_G.png,0,M0_match_M1,0.445,0.0038160809856159546,0.6150499104171999,0.1250394197414065,0.03211394933249238,0.9513149409377605
train/340_G.png,1,M0_fixed,0.5,0.0062469171854793,0.5959455430786048,0.14430084904951537,0.04170110451574123,0.9312708398018278
train/340_G.png,1,M1_fixed,0.5,0.006767468055293116,0.6225777601112988,0.11559846720264483,0.0560147268765497,0.9262300837610553
train/340_G.png,1,M1_match_M0,0.54,0.006436487272423871,0.6190002981218324,0.1188669321511759,0.05443684724622436,0.929364438160641
train/340_G.png,1,M0_match_M1,0.46,0.006578511463775549,0.6008148663420451,0.14110752122623788,0.042264632955143135,0.928126654735812
train/350_G.png,1,M0_fixed,0.5,0.00684374780797019,0.714071407140714,0.015008179813642506,0.1135215875951348,0.8977631524521676
train/350_G.png,1,M1_fixed,0.5,0.007177243992453879,0.7611761176117612,0.041468098726794224,0.125186713137492,0.8942182561814463
train/350_G.png,1,M1_match_M0,0.54,0.00688158916469666,0.7566756675667566,0.03670246816985561,0.12241268938046802,0.8978532188018029
train/350_G.png,1,M0_match_M1,0.46,0.007160323060584319,0.7176717671767177,0.017995590013514473,0.11508642150935344,0.8938496271464733
train/351_G.png,0,M0_fixed,0.5,0.004009419919520097,0.8674242424242424,0.02031063321385902,0.027708850289495452,0.9603016448610757
train/351_G.png,0,M1_fixed,0.5,0.004517070968190096,0.8853668261562998,0.016588548846613364,0.02752504365407591,0.9557403001491934
train/351_G.png,0,M1_match_M0,0.555,0.004072062260284508,0.8761961722488039,0.02132156970866648,0.024676040805073064,0.9597984257368452
train/351_G.png,0,M0_match_M1,0.445,0.004426828784217603,0.8742025518341308,0.016083080599209633,0.028995496737432222,0.9564848939328816
train/353_G.png,1,M0_fixed,0.5,0.00927709157203385,0.7755762232106753,0.020799877647778544,0.10904641737401545,0.8719402997833047
train/353_G.png,1,M1_fixed,0.5,0.009062828593332581,0.7864941366761019,0.020111646402079988,0.11126405138793301,0.8743501796530571
train/353_G.png,1,M1_match_M0,0.54,0.008664336608378054,0.7808329963606955,0.015446967959012006,0.10514644031505697,0.8789002657157448
train/353_G.png,1,M0_match_M1,0.46,0.009805317932820506,0.7824504650222402,0.030970406056434963,0.11615814024623385,0.8659356941769151
train/360_G.png,1,M0_fixed,0.5,0.004734285117072369,0.518007662835249,0.27916139017869707,0.16800337695230055,0.7786276097391707
train/360_G.png,1,M1_fixed,0.5,0.005065137776942228,0.5049808429118774,0.2241452089489236,0.18179259884620796,0.7767678281844074
train/360_G.png,1,M1_match_M0,0.54,0.004721298377152243,0.4942528735632184,0.24102997045166738,0.16898832137329395,0.7870610548629124
train/360_G.png,1,M0_match_M1,0.46,0.0049473294933810915,0.5287356321839081,0.269171239622907,0.17546081328267904,0.7722711681065771
train/365_G.png,0,M0_fixed,0.5,0.0065229788723769845,0.5686274509803921,0.08543148778224559,0.062604392205382,0.9225074490871883
train/365_G.png,0,M1_fixed,0.5,0.006368965811574607,0.6039215686274509,0.07627590473244665,0.06563563253943705,0.9241417415647561
train/365_G.png,0,M1_match_M0,0.555,0.005951151263092656,0.5929411764705882,0.07998762759047325,0.06291370244355088,0.9284569711976384
train/365_G.png,0,M0_match_M1,0.445,0.007046870689644508,0.5827450980392157,0.07912155892360037,0.06520259820600062,0.917140010327498
train/368_G.png,1,M0_fixed,0.5,0.00574563971299032,0.707163323782235,0.06626560114932208,0.04058543593427314,0.9357123814601821
train/368_G.png,1,M1_fixed,0.5,0.005653427270375546,0.7137535816618911,0.06397593606895932,0.04224656550237946,0.9367033789378502
train/368_G.png,1,M1_match_M0,0.54,0.005339347977576904,0.7106017191977078,0.06523300709347221,0.04157313459639041,0.9398874740894285
train/368_G.png,1,M0_match_M1,0.46,0.006077666393948884,0.7121776504297994,0.06559217024333304,0.041797611565053426,0.9323843293858441
train/370_G.png,0,M0_fixed,0.5,0.004426496205860395,0.6673173112114188,0.09799918334013884,0.028787260106165783,0.9502734767536066
train/370_G.png,0,M1_fixed,0.5,0.004791424464493316,0.694888373795291,0.08285014291547571,0.033687219273172725,0.9466831990080595
train/370_G.png,0,M1_match_M0,0.555,0.004389043857010028,0.6891545687446626,0.08607594936708861,0.03246222948142099,0.9507166590204501
train/370_G.png,0,M0_match_M1,0.445,0.004852710126248464,0.6732951079663292,0.0944058799510004,0.03005308289097591,0.946000867953902
train/371_G.png,1,M0_fixed,0.5,0.007987878367481422,0.6784002948765204,0.034949878081820644,0.11087781089135736,0.859585424537032
train/371_G.png,1,M1_fixed,0.5,0.009821111162034244,0.6890895687430888,0.015917095638038472,0.1582227038742888,0.8326023044563732
train/371_G.png,1,M1_match_M0,0.54,0.009319759152848262,0.6854036122373756,0.003454348415063668,0.14860471416960172,0.8393457674527849
train/371_G.png,1,M0_match_M1,0.46,0.008345854230742075,0.6842978252856616,0.026754267136277432,0.11467082091574099,0.854670067458627
train/375_G.png,0,M0_fixed,0.5,0.005501354074781548,0.6810171759982154,0.16802308802308802,0.06406926406926407,0.9027262038227011
train/375_G.png,0,M1_fixed,0.5,0.006083748504579358,0.7258532232879769,0.1471861471861472,0.07474747474747474,0.894335933303251
train/375_G.png,0,M1_match_M0,0.555,0.005624142491472855,0.7160383671648449,0.15578643578643578,0.06955266955266955,0.9009192107973214
train/375_G.png,0,M0_match_M1,0.445,0.005943639807447968,0.6926165514164622,0.15994227994227994,0.06603174603174604,0.8963998447372393
train/378_G.png,1,M0_fixed,0.5,0.004917330052230804,0.901513802315227,0.05814140117165557,0.030334644089559427,0.9530487912761929
train/378_G.png,1,M1_fixed,0.5,0.006042429498297681,0.9207479964381122,0.037958430302543936,0.04485996308482465,0.9433238607560102
train/378_G.png,1,M1_match_M0,0.54,0.0056844854252832665,0.9171861086375779,0.03968381349811412,0.04369633255757965,0.9463536763441456
train/378_G.png,1,M0_match_M1,0.46,0.005231727866146829,0.9043633125556545,0.05713827140678918,0.03149827461680443,0.9503352517099742
train/38_A.png,0,M0_fixed,0.5,0.012537987381796544,0.6869812145041503,0.030187681734073487,0.0760771874173936,0.860015441365703
train/38_A.png,0,M1_fixed,0.5,0.013728627487620293,0.7214941022280472,0.02098863335976738,0.07681734073486651,0.8490397061159383
train/38_A.png,0,M1_match_M0,0.555,0.013188936205785883,0.7138488422892093,0.028284430346286017,0.07227068464181867,0.8535777287197562
train/38_A.png,0,M0_match_M1,0.445,0.013189550888339226,0.6952817824377457,0.023790642347343377,0.07983082209886333,0.8543778270178927
train/396_G.png,1,M0_fixed,0.5,0.004731470257832451,0.6999673522690173,0.10645347162201095,0.018870642466148085,0.9553055055649713
train/396_G.png,1,M1_fixed,0.5,0.005398278321924945,0.7286973555337904,0.09316479400749064,0.023444252376836647,0.949629216262707
train/396_G.png,1,M1_match_M0,0.54,0.005023102448600597,0.7249972793557514,0.09568568135983867,0.02294007490636704,0.9528433213999404
train/396_G.png,1,M0_match_M1,0.46,0.0051229849325423295,0.705626292306018,0.10414866032843562,0.01959089599539038,0.9519348410216956
train/3_A.png,0,M0_fixed,0.5,0.004029482637824313,0.6978835246922119,0.088849685257207,0.020528447135239165,0.9610658846134399
train/3_A.png,0,M1_fixed,0.5,0.0042200288374280755,0.7266565223405727,0.07982839501222885,0.021731285834569583,0.9594894889570516
train/3_A.png,0,M1_match_M0,0.555,0.003814310111938966,0.7184949508922396,0.08371757347339721,0.02048835251192815,0.9630991804450374
train/3_A.png,0,M0_match_M1,0.445,0.004470909536421721,0.7048001106653756,0.08399823583657431,0.02217232669099074,0.9571390207842108
train/406_G.png,1,M0_fixed,0.5,0.00571607441784504,0.6822709163346613,0.1125762391547118,0.034619018984623315,0.9349575182492028
train/406_G.png,1,M1_fixed,0.5,0.006228294073470115,0.7086653386454184,0.10699252641525642,0.03539214844085559,0.9302663840751361
train/406_G.png,1,M1_match_M0,0.54,0.0058710394223548,0.7034362549800797,0.10828107550897689,0.034146550983592476,0.9337283354049412
train/406_G.png,1,M0_match_M1,0.46,0.006080133919457789,0.6886205179282868,0.10780860750794605,0.0374967786272657,0.9314521050484198
train/417_G.png,1,M0_fixed,0.5,0.010852450668993457,0.7904761904761904,0.0929406850459482,0.03306878306878307,0.9022924716466239
train/417_G.png,1,M1_fixed,0.5,0.010528644488003105,0.7991979949874687,0.09172236145920357,0.030179615705931494,0.9050328995956178
train/417_G.png,1,M1_match_M0,0.54,0.010111218771860006,0.7947869674185464,0.09516847674742411,0.02823029796714007,0.9082305103757712
train/417_G.png,1,M0_match_M1,0.46,0.011249484011142888,0.7954887218045112,0.09210526315789473,0.03369534948482317,0.8993258712795726
train/421_G.png,1,M0_fixed,0.5,0.007794358968031685,0.803988166977101,0.08342873001006001,0.016928573906407188,0.9303404548587181
train/421_G.png,1,M1_fixed,0.5,0.008170057619464769,0.8175742303056864,0.07531134006313525,0.020501613071079196,0.9274310873418796
train/421_G.png,1,M1_match_M0,0.54,0.007827363693568089,0.8117672838829846,0.0785721719221563,0.019703749956637873,0.930076134788611
train/421_G.png,1,M0_match_M1,0.46,0.008123789312638035,0.8082612030239947,0.08145141707427064,0.01831616193152253,0.9278230723906877
train/429_G.png,0,M0_fixed,0.5,0.003876887041254303,0.6771210293526337,0.06471667346106807,0.04412963717896453,0.9567804256119609
train/429_G.png,0,M1_fixed,0.5,0.0044627791346170675,0.6716928025733816,0.04958214431308602,0.054576029351814104,0.9511911718971604
train/429_G.png,0,M1_match_M0,0.555,0.00406905964787729,0.6646562123039808,0.05370974317162658,0.05131471667346107,0.9550788930821081
train/429_G.png,0,M0_match_M1,0.445,0.00423842152233202,0.6907921190188983,0.056869139828781085,0.047289033836119036,0.9531995059104428
train/430_G.png,0,M0_fixed,0.5,0.0031168889622372586,0.7370476438427492,0.03038491231940002,0.035292820116907465,0.9647197427215896
train/430_G.png,0,M1_fixed,0.5,0.004143661950699894,0.805259047123145,0.004797617734642109,0.048527627660747766,0.9542962932318385
train/430_G.png,0,M1_match_M0,0.555,0.0038201581324171455,0.799791720906014,0.009429800374986214,0.0457152310576817,0.9575219393518116
train/430_G.png,0,M0_match_M1,0.445,0.003443205857200726,0.7500650872168706,0.02569758464762325,0.037939781625675524,0.9613869298823662
train/435_G.png,1,M0_fixed,0.5,0.008571046227196056,0.8788463600300204,0.034594019226291454,0.021887369856634403,0.9348058686790738
train/435_G.png,1,M1_fixed,0.5,0.008656317882773257,0.88806690254101,0.02854006586169045,0.023650334297974255,0.9344860398618825
train/435_G.png,1,M1_match_M0,0.54,0.008131928322015647,0.88474321861263,0.030801982503409507,0.02308485513754449,0.9380967046504466
train/435_G.png,1,M0_match_M1,0.46,0.009141494930382228,0.882598906400772,0.03163356950404151,0.023550543857898412,0.9308920231975438
train/437_G.png,0,M0_fixed,0.5,0.0045443708840725155,0.8710466004583651,0.029615123296430998,0.020063146956556494,0.9551320958176076
train/437_G.png,0,M1_fixed,0.5,0.004279129158366161,0.8873949579831932,0.02461931977139203,0.02050277766675992,0.9576734438130631
train/437_G.png,0,M1_match_M0,0.555,0.003919336558672718,0.8835752482811307,0.025818312617401383,0.020382878382158985,0.9609394436980644
train/437_G.png,0,M0_match_M1,0.445,0.004976246823340274,0.8753246753246753,0.027217137604412293,0.021701770512769274,0.9512510508215514
train/442_G.png,0,M0_fixed,0.5,0.004460505756758409,0.6743515850144092,0.07844580175141659,0.05077636323496946,0.9283833702061205
train/442_G.png,0,M1_fixed,0.5,0.004930623360979242,0.7184438040345821,0.0570314224740599,0.05850320111855177,0.9221047862018695
train/442_G.png,0,M1_match_M0,0.555,0.004556524471678844,0.7072046109510086,0.0636544263742733,0.0570314224740599,0.9271262327612856
train/442_G.png,0,M0_match_M1,0.445,0.004905059936877047,0.6902017291066282,0.06681875045993083,0.05747295606740746,0.9223081405109669
train/444_G.png,1,M0_fixed,0.5,0.005004858722343378,0.8968594474000343,0.02029058116232465,0.01736806947227789,0.9528127465642922
train/444_G.png,1,M1_fixed,0.5,0.006366612458813273,0.916595160459928,0.011230794923179693,0.026219104876419506,0.9411650978513675
train/444_G.png,1,M1_match_M0,0.54,0.005959116786698342,0.9140209370173331,0.01106379425517702,0.024966599866399465,0.9446190455462209
train/444_G.png,1,M0_match_M1,0.46,0.005374883528056935,0.8996052857388022,0.01753507014028056,0.01841182364729459,0.9496236332560699
train/453_N.png,1,M0_fixed,0.5,0.008709135315878637,0.72453023136904,0.08745973878880119,0.020387215516936254,0.9233411134327628
train/453_N.png,1,M1_fixed,0.5,0.00959816908434461,0.752268950530487,0.06625845043004283,0.0285633384065409,0.9170528180380042
train/453_N.png,1,M1_match_M0,0.54,0.009024310134491053,0.747922791767864,0.06983329203978339,0.026121119881074576,0.9213714937372075
train/453_N.png,1,M0_match_M1,0.46,0.009192856119762727,0.7304103285184712,0.08317700775138924,0.021484444129826922,0.9196858633095465
train/459_N.png,1,M0_fixed,0.5,0.0025842514680618177,0.6519992347426822,0.08603302097278001,0.02579205711735832,0.9706865358321709
train/459_N.png,1,M1_fixed,0.5,0.0031187562475572888,0.6697914673809068,0.07242302543507363,0.03279785809906292,0.9650371603868229
train/459_N.png,1,M1_match_M0,0.54,0.002934601696535216,0.6638607231681652,0.07371709058456047,0.03168228469433289,0.9668868258269707
train/459_N.png,1,M0_match_M1,0.46,0.002777537649713084,0.6563994643198776,0.08304328424810352,0.026238286479250333,0.9687069184287959
train/471_N.png,0,M0_fixed,0.5,0.002367827306543082,0.7522253027871005,0.07224051426779554,0.015718093446221385,0.9776586134876843
train/471_N.png,0,M1_fixed,0.5,0.002186108909079822,0.7660878447395302,0.06808560677328317,0.015365318281592976,0.9793340193170715
train/471_N.png,0,M1_match_M0,0.555,0.001947984633209342,0.7617101999124472,0.07079021636876764,0.013915020382565067,0.9814568652263255
train/471_N.png,0,M0_match_M1,0.445,0.002650771388499299,0.7551437326718226,0.07043744120413922,0.01673722169959235,0.9751643994492404
train/472_N.png,0,M0_fixed,0.5,0.004351162238366959,0.8741706436968921,0.03237472615363216,0.021038355878568695,0.9636171063251241
train/472_N.png,0,M1_fixed,0.5,0.004405056970080812,0.8776626702362937,0.026080606461035574,0.022672740550126927,0.9633193375320737
train/472_N.png,0,M1_match_M0,0.555,0.004001912197260808,0.8755674543126528,0.028688667107139132,0.021420871439997217,0.9664484013019338
train/472_N.png,0,M0_match_M1,0.445,0.004782624582087462,0.8790594808520544,0.02938414994610008,0.02194248356921793,0.9602857142857143
train/476_N.png,0,M0_fixed,0.5,0.008958536715672703,0.9085437809771064,0.005581078781691339,0.026169814531223412,0.9333732178938694
train/476_N.png,0,M1_fixed,0.5,0.009924147494086735,0.9202265754071277,0.0030627871362940277,0.030457716522035053,0.9269932649707018
train/476_N.png,0,M1_match_M0,0.555,0.009141884376836513,0.9185744630634883,0.00037434064999149224,0.02858601327207759,0.9322579846997879
train/476_N.png,0,M0_match_M1,0.445,0.009691623804597534,0.9125560538116592,0.0007146503318019398,0.028960353922069082,0.9284218597268431
train/486_N.png,1,M0_fixed,0.5,0.007889109877460623,0.7810265713371038,0.05404103650900684,0.026651253893330763,0.940055909990451
train/486_N.png,1,M1_fixed,0.5,0.008586377390197821,0.8030092839611568,0.04498603217416434,0.029926468227209967,0.9354420528176488
train/486_N.png,1,M1_match_M0,0.54,0.00806244019952111,0.7976736741009497,0.04813280673024436,0.028963169893716084,0.9390106685404352
train/486_N.png,1,M0_match_M1,0.46,0.008457973316237075,0.7850816348308611,0.05240342934206724,0.027903541726872812,0.9361460278901353
train/487_N.png,1,M0_fixed,0.5,0.006608104695157193,0.7408030776628998,0.020207158050494774,0.05479515398131878,0.9380747972475159
train/487_N.png,1,M1_fixed,0.5,0.007461399853321871,0.7585958163019957,0.014704522334227319,0.05923425506334967,0.9310864951398877
train/487_N.png,1,M1_match_M0,0.54,0.007082865857508512,0.7523443135369079,0.016831591602700452,0.05706094515860538,0.9341922309998505
train/487_N.png,1,M0_match_M1,0.46,0.007018208486932533,0.7458523683577784,0.01632294460371775,0.05849440488301119,0.9346569631880167
train/489_N.png,1,M0_fixed,0.5,0.00746716741219954,0.8372150952796114,0.019813858794444847,0.046898858430887806,0.9388805239593117
train/489_N.png,1,M1_fixed,0.5,0.007671156863030797,0.8504172375140117,0.01534210717661601,0.04758961681087762,0.9374395029026229
train/489_N.png,1,M1_match_M0,0.54,0.007263481517098687,0.8464316851413626,0.016869046753435615,0.046171744346688,0.940459097978227
train/489_N.png,1,M0_match_M1,0.46,0.007899127216563943,0.839207871465936,0.018250563513415256,0.04755326110666764,0.9356905077884623
train/491_N.png,0,M0_fixed,0.5,0.006753204334290141,0.7571891255275297,0.06612945321675584,0.027600156596633174,0.9449971567730611
train/491_N.png,0,M1_fixed,0.5,0.007370636689931178,0.7776032976739621,0.04971943103223281,0.03549523685240767,0.9407458202876199
train/491_N.png,0,M1_match_M0,0.555,0.006736205213387536,0.774364510746884,0.052525120709904734,0.034092392013571705,0.945417784785063
train/491_N.png,0,M0_match_M1,0.445,0.00736001223936705,0.7607223476297968,0.06387837661490278,0.028937752838313978,0.9405125839708328
train/49_A.png,0,M0_fixed,0.5,0.006698831976262423,0.6925309301970368,0.1529185542482808,0.01378613564514552,0.9377036793503025
train/49_A.png,0,M1_fixed,0.5,0.006517413675900703,0.6979532610355889,0.1517452661082684,0.014144640354593748,0.9395181249928053
train/49_A.png,0,M1_match_M0,0.555,0.00598401286116197,0.6947456850465862,0.15409184238829318,0.01352540494736499,0.9440137412376398
train/49_A.png,0,M0_match_M1,0.445,0.007219207887385443,0.6974950358943027,0.1520711794804941,0.013818726982368086,0.9333962776990973
train/505_N.png,1,M0_fixed,0.5,0.008675319219206093,0.8500429117578217,0.06741005148940203,0.017815964873487695,0.9287866140064538
train/505_N.png,1,M1_fixed,0.5,0.008654980985269048,0.8555044082078489,0.0622926998768045,0.019806046056164515,0.9291153590847051
train/505_N.png,1,M1_match_M0,0.54,0.00818446960314338,0.8524615744714051,0.06456707837129229,0.018732033989323056,0.9326121838931073
train/505_N.png,1,M0_match_M1,0.46,0.009148562602905393,0.8523055317156901,0.064093249518274,0.01904791989133525,0.9253161388805599
train/511_N.png,0,M0_fixed,0.5,0.003878531567367516,0.8313982011447261,0.040571515892420536,0.018528422982885085,0.9641641096981561
train/511_N.png,0,M1_fixed,0.5,0.004126233043376899,0.8631234668847098,0.022921760391198046,0.02532854523227384,0.9620727852074654
train/511_N.png,0,M1_match_M0,0.555,0.003732217705312954,0.8585445625511039,0.025366748166259168,0.023189180929095353,0.9654489251088942
train/511_N.png,0,M0_match_M1,0.445,0.004287421136221241,0.8392477514309076,0.037973716381418096,0.01982732273838631,0.9606726086557016
train/522_N.png,0,M0_fixed,0.5,0.004191801081144089,0.9126307320997586,0.0017287443030017287,0.04054691183404055,0.9616319680808204
train/522_N.png,0,M1_fixed,0.5,0.004403986536696245,0.9258246178600161,0.008015087223008015,0.041450573628791454,0.9598135267868272
train/522_N.png,0,M1_match_M0,0.555,0.0040215063163876385,0.9229283990345937,0.004871915763004872,0.039918277542039915,0.9630227144587662
train/522_N.png,0,M0_match_M1,0.445,0.004606761764605887,0.9177795655671762,0.0031431714600031434,0.042275656137042275,0.9581573345979508
train/526_N.png,0,M0_fixed,0.5,0.004522676827284074,0.8469532357109116,0.0031508132504470747,0.051477475943115046,0.9556934734187604
train/526_N.png,0,M1_fixed,0.5,0.004903639268940664,0.858290033065659,0.012432938772034403,0.05995060887337137,0.9521328924130901
train/526_N.png,0,M1_match_M0,0.555,0.004525408828857708,0.8535663675011809,0.009239546964148854,0.056714638508047345,0.955472056535076
train/526_N.png,0,M0_match_M1,0.445,0.004922156168495287,0.850968351440718,0.008132504470748531,0.05458571063612365,0.9521742079913167
train/536_N.png,1,M0_fixed,0.5,0.005152251412141258,0.7677376171352075,0.028777292576419214,0.043187772925764194,0.9503610398650012
train/536_N.png,1,M1_fixed,0.5,0.006091452842010171,0.784471218206158,0.013537117903930132,0.05576419213973799,0.9425562428971783
train/536_N.png,1,M1_match_M0,0.54,0.005777879772503193,0.7797858099062919,0.017467248908296942,0.05410480349344978,0.9451564570967556
train/536_N.png,1,M0_match_M1,0.46,0.005447611137824015,0.7728692547969657,0.023231441048034936,0.04532751091703057,0.9478518604617374
train/541_N.png,0,M0_fixed,0.5,0.005365347534884625,0.8078044404575017,0.003523424246378703,0.05694027578407064,0.951857995385994
train/541_N.png,0,M1_fixed,0.5,0.005918122519949683,0.8335949764521193,0.015181173604767497,0.06912001391970073,0.9474709481687849
train/541_N.png,0,M1_match_M0,0.555,0.005455200031084107,0.8250728862973761,0.01104876245160729,0.06468310931314977,0.9512032866029656
train/541_N.png,0,M0_match_M1,0.445,0.0058291806909414115,0.815653734021081,0.007960328852929662,0.05907172995780591,0.9481068723331234
train/542_N.png,1,M0_fixed,0.5,0.004479875469297159,0.7953795379537953,0.03160143949617634,0.03508771929824561,0.960594789583439
train/542_N.png,1,M1_fixed,0.5,0.00508182648268761,0.8087308730873087,0.01649422702054281,0.04719598140650772,0.9557361141591025
train/542_N.png,1,M1_match_M0,0.54,0.004754896961042872,0.8036303630363036,0.019980506822612085,0.04592142750037487,0.9583425305636152
train/542_N.png,1,M0_match_M1,0.46,0.004804983656559475,0.8001800180018002,0.028265107212475632,0.03696206327785275,0.957972572915422
train/546_N.png,0,M0_fixed,0.5,0.0043526856182580275,0.643557582668187,0.0813721035892776,0.024579736483416628,0.956916392743181
train/546_N.png,0,M1_fixed,0.5,0.0047169524947424145,0.6663625997719498,0.07351203998182644,0.02980463425715584,0.9537542149168623
train/546_N.png,0,M1_match_M0,0.555,0.004323240712408872,0.6563283922462941,0.07878237164925034,0.02744207178555202,0.9572299468452506
train/546_N.png,0,M0_match_M1,0.445,0.004755504072503679,0.6540478905359179,0.07701044979554748,0.026124488868696047,0.9533530648340589
train/547_N.png,1,M0_fixed,0.5,0.004561228405045339,0.8749802683504341,0.02326769641944739,0.0313642259167551,0.9583399180993731
train/547_N.png,1,M1_fixed,0.5,0.004672329802373077,0.8883977900552487,0.018708485634555672,0.030420940926777502,0.9575647129856059
train/547_N.png,1,M1_match_M0,0.54,0.0043866838600632365,0.8842936069455406,0.020988091027001533,0.029359745313052705,0.9599503363107528
train/547_N.png,1,M0_match_M1,0.46,0.004874497918821912,0.8786108918705604,0.021616947686986597,0.032779153401721495,0.9557212462464533
train/553_N.png,0,M0_fixed,0.5,0.009935682611842073,0.8844570252187339,0.0037621992103106607,0.044103404604037846,0.9181022726988393
train/553_N.png,0,M1_fixed,0.5,0.009877096355874167,0.9005404014410705,0.006816657975117336,0.047828354317216715,0.9186986994490461
train/553_N.png,0,M1_match_M0,0.555,0.009170418615494455,0.8973237261966032,0.0015644788795351264,0.04473664605527825,0.923907732143127
train/553_N.png,0,M0_match_M1,0.445,0.010685768821669508,0.8899897066392177,0.0007449899426357744,0.046189376443418015,0.9126258414249121
train/555_N.png,1,M0_fixed,0.5,0.0034541606562632048,0.822865554465162,0.06328908506702152,0.013306935834604525,0.9700943765653869
train/555_N.png,1,M1_fixed,0.5,0.0032869014488107902,0.853189401373896,0.05313037551523806,0.012592905131284282,0.9716511849532407
train/555_N.png,1,M1_match_M0,0.54,0.0030331288581933336,0.8479882237487734,0.05556457109473889,0.011586770958423939,0.9737042251667829
train/555_N.png,1,M0_match_M1,0.46,0.0037343425954257793,0.8287536800785084,0.06195839148356107,0.014280614066404856,0.9678386652340206
train/559_N.png,1,M0_fixed,0.5,0.005645225918316795,0.9107142857142857,0.010736141430769782,0.027126650681744982,0.9541531384280865
train/559_N.png,1,M1_fixed,0.5,0.005942406978381975,0.918693009118541,0.004867050781948968,0.03167161722077085,0.9520047857916906
train/559_N.png,1,M1_match_M0,0.54,0.005555373422117313,0.915273556231003,0.007193214758615753,0.029739111763232295,0.9549044297200531
train/559_N.png,1,M0_match_M1,0.46,0.006017992355252485,0.9138804457953394,0.010807715706974913,0.0278423934437963,0.9513652086450948
train/561_N.png,0,M0_fixed,0.5,0.0038269270931988947,0.8151237522220702,0.046468765930747814,0.02313634759421199,0.9642555387328536
train/561_N.png,0,M1_fixed,0.5,0.0043205087108352394,0.8333105428688636,0.03627308732990863,0.03097917728716521,0.9600824545658515
train/561_N.png,0,M1_match_M0,0.555,0.003911619141981515,0.8277040886093259,0.03992000313713188,0.029096898160856435,0.9635912591897742
train/561_N.png,0,M0_match_M1,0.445,0.004241887776660693,0.8201832353343361,0.043527704795890354,0.024430414493549272,0.9606773823191733
train/566_N.png,1,M0_fixed,0.5,0.003360969047029282,0.8505508542232157,0.019514399572737356,0.02847048190296208,0.9682553335454996
train/566_N.png,1,M1_fixed,0.5,0.0036062420771954366,0.8669966469742935,0.008873916437286883,0.03323610369335689,0.9662084325320636
train/566_N.png,1,M1_match_M0,0.54,0.003338202367249008,0.8588535845441482,0.012571381619489749,0.031839283513413585,0.9685300076693262
train/566_N.png,1,M0_match_M1,0.46,0.0036302229798973254,0.8580552450902124,0.01696725689166427,0.02941538967174726,0.9659170255273185
train/572_N.png,0,M0_fixed,0.5,0.004685989810241242,0.9155594921759669,0.00011716919231370099,0.0358537728479925,0.956403985404923
train/572_N.png,0,M1_fixed,0.5,0.005194445658667366,0.9306170652494833,0.012224652398062802,0.04346977034838306,0.9520615870774713
train/572_N.png,0,M1_match_M0,0.555,0.004764914300146192,0.9233835252435784,0.008123730667083268,0.04190751445086705,0.9556863575411109
train/572_N.png,0,M0_match_M1,0.445,0.005115824724492819,0.9198405668733393,0.006092798000312451,0.03948601780971723,0.9527682412454633
train/573_N.png,1,M0_fixed,0.5,0.005231783013507016,0.8699860074626866,0.03802120141342756,0.019187279151943463,0.956108182443273
train/573_N.png,1,M1_fixed,0.5,0.005598781891565036,0.878847947761194,0.026395759717314487,0.025795053003533568,0.9533196832298608
train/573_N.png,1,M1_match_M0,0.54,0.00524544302137518,0.874883395522388,0.02862190812720848,0.02501766784452297,0.9560479809541251
train/573_N.png,1,M0_match_M1,0.46,0.0055754081003239545,0.8743003731343284,0.03579505300353357,0.02060070671378092,0.9534582588974622
train/580_N.png,0,M0_fixed,0.5,0.0037914110727416666,0.8314831945729263,0.04462081798503779,0.02278509854555121,0.9661907017662583
train/580_N.png,0,M1_fixed,0.5,0.004527837274700937,0.8808202281837805,0.0298105039304295,0.02350662666616033,0.9602539949851179
train/580_N.png,0,M1_match_M0,0.555,0.004093449024493305,0.8728029602220166,0.03334219420498993,0.022253446246155016,0.963776486010229
train/580_N.png,0,M0_match_M1,0.445,0.0041854264108056125,0.8388837496145545,0.04032962442562564,0.02392435347282877,0.9629679367006333
train/583_N.png,1,M0_fixed,0.5,0.005353812417129285,0.891451520367183,0.028257806126233034,0.024697767559148556,0.9516174163036442
train/583_N.png,1,M1_fixed,0.5,0.005746309976541213,0.9047619047619048,0.023177334421122894,0.028480308536675814,0.9485306912602776
train/583_N.png,1,M1_match_M0,0.54,0.00537657909690956,0.9014343086632243,0.024586516353927168,0.027590298894904695,0.9515816867680666
train/583_N.png,1,M0_match_M1,0.46,0.005713829513388022,0.8946643717728056,0.026144033227026627,0.026218200697174218,0.9486427419640884
train/584_N.png,0,M0_fixed,0.5,0.006507931304123987,0.896740210693699,0.042873977540551785,0.0147996672674338,0.9421572780276438
train/584_N.png,0,M1_fixed,0.5,0.0072310010539454956,0.9093619558735838,0.030153888811867462,0.019097462914182725,0.936636502439206
train/584_N.png,0,M1_match_M0,0.555,0.006668815841237925,0.9061816736235341,0.033273256619991684,0.018023014002495494,0.9411421146401254
train/584_N.png,0,M0_match_M1,0.445,0.007029440048957468,0.9019081693500298,0.04037848329405241,0.015492860113683627,0.9379742597329548
train/590_N.png,1,M0_fixed,0.5,0.005049953130995225,0.8610209118067281,0.025886304720873343,0.031983643068385116,0.9576282410473231
train/590_N.png,1,M1_fixed,0.5,0.005817645573186072,0.8847902324977269,0.01675855270364015,0.03585380992369199,0.9518450397752685
train/590_N.png,1,M1_match_M0,0.54,0.005459146255579354,0.8798545265618911,0.01978896637336157,0.03410128153638322,0.9545664690233964
train/590_N.png,1,M0_match_M1,0.46,0.005429094238269393,0.8660865047408755,0.0220526488736354,0.033772682463762825,0.9547216336161174
train/597_N.png,0,M0_fixed,0.5,0.008386030608131407,0.9162899715385904,0.030224583109198493,0.014927380311995697,0.9259947816489775
train/597_N.png,0,M1_fixed,0.5,0.00848590044343421,0.9265863050393437,0.01734803657880581,0.021315223238300162,0.9254352389513189
train/597_N.png,0,M1_match_M0,0.555,0.007865736086219542,0.9239912941570401,0.020710059171597635,0.019802313071543842,0.9303605598675582
train/597_N.png,0,M0_match_M1,0.445,0.009003462963772444,0.9197220827055081,0.027366863905325445,0.016339429800968263,0.921159586712493
train/64_A.png,1,M0_fixed,0.5,0.008515384463322905,0.8329274232830005,0.016958277254374158,0.06029609690444145,0.9199622586732472
train/64_A.png,1,M1_fixed,0.5,0.009497299193958893,0.8494885533365806,0.0029609690444145358,0.07501121579183491,0.911783860704111
train/64_A.png,1,M1_match_M0,0.54,0.009039237053180922,0.8465660009741841,0.0008524001794526693,0.07326155226558995,0.9155720702657323
train/64_A.png,1,M0_match_M1,0.46,0.008968504598536178,0.8364994317259296,0.012516823687752355,0.06253925527142216,0.9161720211562002
train/6_A.png,1,M0_fixed,0.5,0.004954388075449186,0.8550492083868207,0.045909293019119606,0.014599081073069512,0.954413224077802
train/6_A.png,1,M1_fixed,0.5,0.00498551092627767,0.865318784766795,0.03961019712464799,0.01860085964132207,0.9542175902475742
train/6_A.png,1,M1_match_M0,0.54,0.004638845508633664,0.8612537441163886,0.0426856380613606,0.017637468504520526,0.957171388416303
train/6_A.png,1,M0_match_M1,0.46,0.00533772299060398,0.8597560975609756,0.045168222913887654,0.015710686230917446,0.9511722108372773
train/72_A.png,0,M0_fixed,0.5,0.005918850289989157,0.77048802946593,0.11814882032667877,0.0132486388384755,0.9389894924389782
train/72_A.png,0,M1_fixed,0.5,0.005971699943295431,0.782305095150399,0.11005444646098003,0.013139745916515427,0.9389428715826412
train/72_A.png,0,M1_match_M0,0.555,0.005487037534445538,0.7780079803560467,0.11368421052631579,0.012232304900181488,0.9434785811042332
train/72_A.png,0,M0_match_M1,0.445,0.006404445339779748,0.7769337016574586,0.11477313974591652,0.013756805807622504,0.9345087280368514
train/81_A.png,1,M0_fixed,0.5,0.006109961823669325,0.8595125253893027,0.009539228985253577,0.038375705596639394,0.9426907574053244
train/81_A.png,1,M1_fixed,0.5,0.006802657352441486,0.8679756262694651,0.0047696144926267885,0.04844002975539317,0.9369741090959596
train/81_A.png,1,M1_match_M0,0.54,0.006421331274609742,0.8654366960054164,0.0013564958648755088,0.046514680785892444,0.9401736509174285
train/81_A.png,1,M0_match_M1,0.46,0.0065140862665147604,0.8645903859174001,0.004725856561501772,0.041395002844265526,0.9392599840418406
train/84_A.png,0,M0_fixed,0.5,0.0052604246332690245,0.61416013304823,0.0986868823609043,0.08447272235007446,0.9059055856491952
train/84_A.png,0,M1_fixed,0.5,0.006389420681011896,0.6742694226657163,0.05942872614051713,0.09706240693109516,0.8899880000424777
train/84_A.png,0,M1_match_M0,0.555,0.005955831922987729,0.6642908054169636,0.06971707052930824,0.09110599702179505,0.8961370713160202
train/84_A.png,0,M0_match_M1,0.445,0.00573410339025702,0.6236635780470421,0.0920536076891837,0.08975226749695411,0.8988411947119308
train/88_A.png,1,M0_fixed,0.5,0.006519844213649852,0.6976179973533304,0.04894401609118337,0.05057229059910924,0.9352254197158185
train/88_A.png,1,M1_fixed,0.5,0.007027077151335312,0.6978385531539479,0.044394425554331686,0.053733058761553563,0.9309015862787948
train/88_A.png,1,M1_match_M0,0.54,0.0066589391691394655,0.6918835465372739,0.04540012451510943,0.05445141516210909,0.9341122138455187
train/88_A.png,1,M0_match_M1,0.46,0.006900346191889219,0.7015880017644464,0.04645371390259087,0.05339782577462765,0.9318854464792429
train/8_A.png,1,M0_fixed,0.5,0.004527892335068352,0.521669341894061,0.13338175875062425,0.03336813910201117,0.9498217075730692
train/8_A.png,1,M1_fixed,0.5,0.005001752294642174,0.5372829417773238,0.1314296091160848,0.04013256457983384,0.9455422431369388
train/8_A.png,1,M1_match_M0,0.54,0.0047114513688876385,0.5321756894790602,0.13474372361193082,0.03836201026013529,0.9483951192974275
train/8_A.png,1,M0_match_M1,0.46,0.004830841866514637,0.5247336932730191,0.1283424887637899,0.03541108639397104,0.9468153396257816
train/91_A.png,0,M0_fixed,0.5,0.005670092308979728,0.6245977011494253,0.114305507447177,0.03701321193527636,0.9346761988140345
train/91_A.png,0,M1_fixed,0.5,0.005467962594004162,0.6498850574712643,0.10376564896828146,0.040130634865653915,0.9379685602200226
train/91_A.png,0,M1_match_M0,0.555,0.005040628995676824,0.6422988505747127,0.10777376416448117,0.03711217774258994,0.942140967825095
train/91_A.png,0,M0_match_M1,0.445,0.006143266588481129,0.6342528735632184,0.11069325548023158,0.0390914938888614,0.930124402918482
train/96_A.png,0,M0_fixed,0.5,0.005472889759834542,0.6685945633314054,0.08887769874740353,0.08774469692201171,0.8923112411524032
train/96_A.png,0,M1_fixed,0.5,0.006210218199857347,0.6798727588201272,0.07477812047586077,0.09183609240259331,0.8805716896169158
train/96_A.png,0,M1_match_M0,0.555,0.005839394440481861,0.6742336610757663,0.0800025177818342,0.08805941965128722,0.886346987546685
train/96_A.png,0,M0_match_M1,0.445,0.005929786588149929,0.6782822440717178,0.07842890413545667,0.09397620696166677,0.8849799533241577
train/98_A.png,1,M0_fixed,0.5,0.006486834686792154,0.6337268619734733,0.11687779094140162,0.03955162672013123,0.9271681075021777
train/98_A.png,1,M1_fixed,0.5,0.006750499510380914,0.6407229266870719,0.10480269753030165,0.04401713296272669,0.9246374911141325
train/98_A.png,1,M1_match_M0,0.54,0.006408013432378164,0.634892872759073,0.10949603572404994,0.041784379841428965,0.9280141117480998
train/98_A.png,1,M0_match_M1,0.46,0.0068636311931868765,0.6389739105086722,0.11254898386949785,0.0413287159391233,0.9234590115337152
