key,disease,Blur,quality_class,gt_skeleton,M0_mare,M1_mare,recovered_d0,regressed_d0,both_missed_d0,M0_extra_d0,M0_supported_d0,M1_extra_d0,M1_supported_d0,delta_extra_d0,delta_supported_d0,M0_bothmiss_prob_low_per_gt,M0_bothmiss_prob_mid_per_gt,M0_bothmiss_prob_near_per_gt,M1_bothmiss_prob_low_per_gt,M1_bothmiss_prob_mid_per_gt,M1_bothmiss_prob_near_per_gt,recovered_d1,regressed_d1,both_missed_d1,M0_extra_d1,M0_supported_d1,M1_extra_d1,M1_supported_d1,delta_extra_d1,delta_supported_d1,recovered_d2,regressed_d2,both_missed_d2,M0_extra_d2,M0_supported_d2,M1_extra_d2,M1_supported_d2,delta_extra_d2,delta_supported_d2,delta_mare
train/105_A.png,A,1,good,23801,0.07692954077559766,0.05982941893197765,0.01756228729885299,0.007520692407882021,0.083693962438553,0.031175160707533296,0.891895298516869,0.040208394605268684,0.8999621864627536,0.009033233897735388,0.008066887945884615,0.0722238561404983,0.007604722490651653,0.0038653838074030502,0.07310617200957943,0.007016511911264233,0.00357127851770934,0.015461535229612201,0.007898827780345364,0.07671946556867358,0.028486198058905086,0.8945842611654973,0.03638502583925045,0.9037855552287719,0.007898827780345362,0.009201294063274634,0.01457921936053107,0.006596361497416075,0.07251796143019201,0.026931641527666906,0.8961388176967354,0.034452333935548925,0.9057182471324734,0.007520692407882019,0.009579429435737974,-0.01710012184362001
train/110_A.png,A,1,good,11103,0.026299198414842836,0.006935062595694858,0.030352157074664505,0.011888678735476898,0.13581914797802397,0.13771052868594075,0.8359902728992165,0.14239394758173465,0.8506709898225705,0.004683418895793906,0.014680716923354042,0.11330271097901468,0.017202557867243087,0.00531387913176619,0.11105106727911375,0.013960190939385752,0.010807889759524453,0.029091236602719985,0.011888678735476898,0.1257317842024678,0.13329730703413492,0.8404034945510223,0.13726019994596056,0.8558047374583446,0.003962892911825638,0.015401242907322366,0.028821039358731874,0.011618481491488787,0.11798612987480861,0.12942447987030534,0.8442763217148519,0.13239664955417454,0.8606682878501306,0.002972169683869208,0.016391966135278713,-0.01936413581914798
train/112_A.png,A,1,good,35642,0.04256214578306492,0.03686661803490264,0.00948319398462488,0.00650917456932832,0.041271533583973966,0.02449357499579148,0.9329442792211436,0.026962572246226363,0.936170809718871,0.0024689972504348817,0.0032265304977273646,0.029094888053420122,0.00850120644183828,0.0036754390887155605,0.0284776387408114,0.008304808933280962,0.0044890859098816,0.008529263228775041,0.006172493126087201,0.0360529712137366,0.020930363054822963,0.9365074911621121,0.023006565288143203,0.9401268166769542,0.002076202233320241,0.00361932551484212,0.00838897929409124,0.005835811682846081,0.03181639638628584,0.018040514000336683,0.9393973402165984,0.020228943381403963,0.9429044385836934,0.0021884293810672806,0.003507098367095063,-0.005695527748162281
train/113_A.png,A,1,good,22361,0.005008720540226287,0.025311927015786415,0.009570233889360942,0.005500648450427083,0.03930951209695452,0.0719556370466437,0.9330530834935826,0.08886006886990742,0.936451858145879,0.01690443182326372,0.0033987746522963214,0.02920262957828362,0.00778140512499441,0.00232547739367649,0.027682125128572068,0.008005008720540226,0.0036223782478422254,0.009704396046688431,0.005768972765082063,0.035061043781584006,0.06717052010196324,0.937838200438263,0.08380662761057198,0.9415052994052144,0.016636107508608736,0.0036670989669513876,0.009346630293815125,0.005992576360627879,0.031215061938195968,0.06395062832610349,0.9410580922141228,0.07893206922767318,0.9463798577881133,0.014981440901569693,0.005321765573990445,0.02030320647556013
train/117_A.png,A,1,good,24174,0.09539174319516837,0.07421196326631918,0.02122114668652271,0.0071978158351948375,0.07210225862496898,0.011293124844874658,0.8933151319599569,0.01435426491271614,0.9114337718209646,0.003061140067841483,0.0181186398610077,0.054480019856043685,0.012947795151816,0.004674443617109291,0.05543145528253496,0.011417225117895259,0.005253578224538761,0.019814676925622568,0.006866881773806569,0.06689004715810375,0.009514354264912716,0.8950939025399189,0.012203193513692397,0.9135848432199885,0.002688839248779681,0.018490940680069512,0.018656407710763632,0.0069909820468271695,0.061719202448912054,0.008604285596094979,0.8960039712087366,0.01096219078348639,0.9148258459501944,0.002357905187391412,0.0188218747414578,-0.021179779928849188
train/120_A.png,A,1,good,19104,0.1583961474036851,0.13929020100502512,0.02355527638190955,0.006595477386934673,0.16781825795644892,0.05559045226130653,0.7860134003350083,0.06035385259631491,0.8003559463986599,0.004763400335008376,0.014342546063651596,0.15169597989949749,0.012196398659966499,0.003925879396984924,0.14536222780569513,0.014656616415410386,0.007799413735343383,0.022874790619765495,0.006804857621440536,0.16033291457286433,0.05019891122278057,0.7914049413735343,0.05360134003350084,0.807108458961474,0.0034024288107202677,0.01570351758793964,0.022246649916247908,0.00675251256281407,0.15467964824120603,0.04601130653266332,0.7955925460636516,0.05067001675041876,0.8100397822445561,0.004658710217755442,0.014447236180904488,-0.01910594639865998
train/133_A.png,A,1,good,25316,0.040725233054194974,0.03385210933796808,0.010072681308263548,0.005964607362932532,0.037683678306209514,0.03258808658555854,0.9266866803602465,0.03634065413177437,0.9298072365302575,0.003752567546215828,0.0031205561700110573,0.02749249486490757,0.007663137936482857,0.0025280455048190867,0.022199399589192606,0.010665191973455522,0.004819086743561384,0.009835677042186759,0.0050560910096381735,0.03167957023226418,0.02472744509401169,0.9345473218517933,0.0267814820666772,0.9393664085953547,0.0020540369726655093,0.004819086743561352,0.009717174909148365,0.005411597408753357,0.02654447780060041,0.020658871859693475,0.9386158950861115,0.022870911676410175,0.9432769789856218,0.0022120398167167,0.004661083899510254,-0.006873123716226892
train/137_A.png,A,1,good,26416,0.038234403391883706,0.016959418534221685,0.016807995154451846,0.005791944276196245,0.03543307086614173,0.027180496668685643,0.9345850999394306,0.03747728649303452,0.9455632949727438,0.010296789824348878,0.01097819503331321,0.025136281041792854,0.006965475469412477,0.003331314354936402,0.024303452453058753,0.0063976377952755905,0.00473198061780739,0.01589945487583283,0.0055269533615990305,0.030852513628104178,0.024947001817080556,0.9368185947910357,0.03365384615384615,0.9493867353119322,0.008706844336765596,0.012568140520896498,0.015142337976983646,0.00511053906723198,0.02736977589339794,0.02354633555420957,0.9382192610539067,0.031496062992125984,0.9515445184736523,0.007949727437916415,0.013325257419745551,-0.02127498485766202
train/138_A.png,A,0,poor,17398,0.03695827106563973,0.03287734222324405,0.026037475571904816,0.010403494654557996,0.09110242556615702,0.07621565697206575,0.8868260719622946,0.07793999310265548,0.8891826646741005,0.0017243361305897265,0.0023565927118058827,0.06719163122197953,0.016496148982641682,0.007414645361535808,0.06207610070123003,0.019140131049545924,0.009886193815381078,0.02500287389355098,0.007931946200712726,0.08230831130014944,0.07357167490516152,0.8894700540291988,0.07541096677779055,0.8917116909989654,0.0018392918726290314,0.002241636969766647,0.025347741119668928,0.006552477296240947,0.07495114380963329,0.07230716174272905,0.8907345671916312,0.0738590642602598,0.8932635935164962,0.0015519025175307483,0.002529026324864958,-0.0040809288423956785
train/13_A.png,A,1,good,20865,0.10242032111190989,0.08761083153606518,0.014426072369997604,0.005942966690630242,0.08382458662832494,0.03302180685358255,0.8645578720345075,0.0385334291876348,0.8738557392763,0.005511622334052245,0.00929786724179249,0.0748142822909178,0.0061346752935537985,0.002875629043853343,0.07299305056314402,0.006853582554517134,0.003977953510663791,0.016055595494847832,0.0056554037862449075,0.07816918284208003,0.02827701893122454,0.8693026599568655,0.03364485981308411,0.8787443086508507,0.005367840881859574,0.009441648693985227,0.017062065660196503,0.005511622334052241,0.07179487179487179,0.0240594296669063,0.8735202492211838,0.02981068775461299,0.8825784807093219,0.005751258087706688,0.009058231488138113,-0.014809489575844714
train/143_A.png,A,0,poor,11822,0.12003045170021993,0.05523600067670445,0.05878869903569616,0.016325494840128574,0.15902554559296228,0.10869565217391304,0.771273896125867,0.1357638301471832,0.8090001691761123,0.02706817797327017,0.03772627305024523,0.13567924209101676,0.013703265098968026,0.0096430384029775,0.12747420064286924,0.019878193199120285,0.011673151750972763,0.056589409575367955,0.017340551514126206,0.14498392826932838,0.10133649128743022,0.7786330570123499,0.12502114701404163,0.8197428523092539,0.02368465572661141,0.04110979529690406,0.05523600067670445,0.016579259008627983,0.13339536457452209,0.09668414819827441,0.7832854001015057,0.11766198612755879,0.8271020131957367,0.020977837929284385,0.043816613094231016,-0.06479445102351548
train/144_A.png,A,1,good,12766,0.024596584678051075,0.017311608961303463,0.035641547861507125,0.014961616794610685,0.14327118909603634,0.16567444775184081,0.8097289675701081,0.15321948926836912,0.8294689017703274,-0.012454958483471695,0.019739934200219245,0.11561961460128466,0.019269935766880776,0.008381638727870908,0.10708130972896757,0.021619927933573556,0.014569951433495222,0.03423155256149146,0.014883283722387591,0.1330878897070343,0.16089613034623218,0.8145072849757168,0.14930283565721447,0.8333855553814821,-0.011593294689017708,0.018878270405765285,0.033761554128152904,0.014256619144602852,0.12392292025693248,0.15791947360175465,0.8174839417201942,0.14624784584051387,0.8364405451981827,-0.011671627761240783,0.018956603477988443,-0.007284975716747612
train/145_A.png,A,1,good,15654,0.015139900344959755,0.01066819982113198,0.017439632042928324,0.009837741152421106,0.08164047527788425,0.09582215408202377,0.8890379455730165,0.11147310591542098,0.899195093905711,0.01565095183339721,0.010157148332694432,0.07256931135811934,0.005877092117030791,0.0031940718027341254,0.06886418806694775,0.010476555512967932,0.0022997316979685703,0.016353647629998722,0.007857416634725948,0.07576338316085346,0.08847578893573528,0.896384310719305,0.10399897789702313,0.9066692219241088,0.015523188961287848,0.010284911204803793,0.01699246199054555,0.006835313657851029,0.07071674971253354,0.08579276862143861,0.8990673310336016,0.09895234444870321,0.9117158553724287,0.013159575827264597,0.012648524338827127,-0.004471700523827775
train/154_D.png,D,1,good,28340,0.11838390966831334,0.10790402258292167,0.01774876499647142,0.005786873676781934,0.1042695836273818,0.016619618913196896,0.8649964714184898,0.017960479887085393,0.874135497529993,0.001340860973888497,0.00913902611150319,0.08772053634438956,0.012314749470712774,0.004234297812279464,0.08256880733944955,0.014220183486238533,0.0074805928016937195,0.016690190543401554,0.005504587155963303,0.09682427664079041,0.01337332392378264,0.868242766407904,0.014714184897671137,0.8773817925194072,0.001340860973888497,0.00913902611150319,0.016901905434015527,0.0051164431898376855,0.09043754410726888,0.011432604093154553,0.8701834862385321,0.013161609033168667,0.8789343683839097,0.0017290049400141144,0.008750882145377559,-0.010479887085391673
train/155_D.png,D,0,poor,7704,0.021936656282450676,0.006749740394600207,0.01856178608515057,0.023234683281412254,0.06230529595015576,0.09709241952232607,0.8809709241952233,0.11902907580477674,0.8742211838006231,0.021936656282450673,-0.00674974039460019,0.0446521287642783,0.010514018691588784,0.007139148494288681,0.042964693665628245,0.011292834890965732,0.008047767393561786,0.016614745586708203,0.02167705088265836,0.051531671858774664,0.09228971962616822,0.885773624091381,0.11357736240913811,0.8796728971962616,0.021287642782969893,-0.006100726895119424,0.016484942886812046,0.019340602284527518,0.04348390446521288,0.08787642782969886,0.8901869158878505,0.10981308411214953,0.8834371754932503,0.021936656282450673,-0.00674974039460019,-0.015186915887850469
train/160_D.png,D,1,good,21955,0.0770211796857208,0.07219312229560465,0.006877704395354133,0.008517421999544523,0.10070598952402642,0.03926212707811432,0.8837166932361649,0.048736051013436574,0.8790708266909588,0.009473923935322252,-0.0046458665452060455,0.08813482122523343,0.00778865861990435,0.004782509678888636,0.09082213618765657,0.006558870416761558,0.00332498291960829,0.0067866089728991115,0.009565019357777272,0.09378273741744478,0.03498064222272831,0.8879981780915509,0.04559325893873833,0.8822136187656571,0.01061261671601002,-0.005784559325893834,0.005921202459576406,0.009929401047597358,0.08890913231610112,0.033249829196082895,0.8897289911181963,0.043725802778410386,0.884081074925985,0.010475973582327491,-0.0056479161922112775,-0.004828057390116144
train/161_D.png,D,1,good,31697,0.16664037606082593,0.15704956305013093,0.01239864971448402,0.007634791936145377,0.1497302583840742,0.009811654099757075,0.823547969839417,0.012651039530554941,0.8302993974193141,0.002839385430797866,0.006751427579897107,0.13155819162696786,0.013502855159794302,0.004669211597312048,0.1343029308767391,0.010158690096854592,0.005268637410480487,0.011893870082342177,0.007697889390163107,0.14282108716913272,0.007382402120074455,0.8259772218190996,0.009874751553774805,0.8330756853960942,0.0024923494337003495,0.007098463576994618,0.012114711171404233,0.007760986844180837,0.13720541376155473,0.006278196674764173,0.8270814272644099,0.008581253746411333,0.8343691832034578,0.0023030570716471594,0.007287755939047846,-0.009590813010695004
train/164_D.png,D,1,good,27979,0.03667035991279174,0.02112298509596483,0.012723828585725008,0.004539118624682798,0.04406876586010937,0.031666607098180775,0.9316630329890275,0.041137996354408665,0.9377390185496265,0.00947138925622789,0.006075985560598962,0.03313199185103113,0.007970263411844598,0.0029665105972336396,0.028414167768683656,0.009507130347760821,0.006147467743664891,0.011115479466742914,0.004396154258551056,0.03860037885557025,0.029057507416276492,0.9342721326709318,0.03770685156724687,0.9411701633367883,0.008649344150970375,0.0068980306658564805,0.011329926015940527,0.0037528146109582186,0.03452589442081561,0.0274491582972944,0.9358804817899139,0.035598127166803675,0.9432788877372315,0.008148968869509277,0.0073984059473175545,-0.015547374816826907
train/175_D.png,D,1,poor,22232,0.10538862900323857,0.10192515293270961,0.017137459517812162,0.012234616768621807,0.12216624685138538,0.0388629003238575,0.8557484706729039,0.040976970133141416,0.857097876934149,0.002114069809283914,0.001349406261245023,0.10188017272400143,0.014078805325656711,0.00620726880172724,0.10390428211586902,0.012369557394746312,0.005892407340770061,0.017137459517812162,0.01187477509895646,0.11299028427491904,0.035534364879453044,0.8590770061173084,0.037378553436487945,0.8606962936308025,0.001844188557034901,0.0016192875134940499,0.01700251889168766,0.011694854264123786,0.1052087081684059,0.03355523569629363,0.8610561353004678,0.035534364879453044,0.8625404821878373,0.0019791291831594143,0.0014843468873695365,-0.0034634760705289647
train/177_D.png,D,1,good,24939,0.04246361121135571,0.019688038814707886,0.009944264004170176,0.004170175227555235,0.04791691727815871,0.04065920846866354,0.9168771803199808,0.054733549861662456,0.9255784113236296,0.014074341392998915,0.008701231003648835,0.0392156862745098,0.006616143389871286,0.0020850876137776175,0.03873451220979189,0.006576045551144793,0.0026063595172220217,0.010104655359076146,0.003608805485384338,0.04266410040498817,0.037691968402903085,0.9198444203857412,0.050803961666466176,0.9295079995188259,0.01311199326356309,0.009663579133084688,0.010224948875255624,0.0038493925177432936,0.037571674886723604,0.03644893540238181,0.9210874533862625,0.04791691727815871,0.9323950439071335,0.011467981875776898,0.011307590520870936,-0.022775572396647823
train/184_D.png,D,1,good,21742,0.13315242388004783,0.12965688529114158,0.017983626161346702,0.007405022537025113,0.1464446693036519,0.04718977095023457,0.8196578051697176,0.04617790451660381,0.8241652101922546,-0.0010118664336307634,0.004507405022536992,0.1258853831294269,0.015499954006071199,0.005059332168153804,0.12413761383497378,0.015545947934872597,0.006761107533805538,0.018949498666176064,0.0075430043234293075,0.1335663692392604,0.0412105602060528,0.8256370159138994,0.039784748413209454,0.8305583662956489,-0.0014258117928433456,0.004921350381749567,0.018903504737374666,0.008140925397847484,0.12404562597737098,0.03670315518351577,0.8301444209364364,0.03546131910587803,0.8348817956029804,-0.0012418360776377466,0.004737374666544003,-0.0034955385889062496
train/187_D.png,D,1,good,16811,0.25977038843614303,0.24460174885491642,0.023199095830111236,0.012848729998215454,0.23068229135684967,0.034679674022961154,0.7055499375408958,0.045030039854856936,0.7103682112902266,0.010350365831895782,0.004818273749330859,0.20183213372196776,0.019630004163940278,0.009220153470941645,0.19939325441675093,0.022544762357979895,0.008744274582118851,0.02272321694128844,0.01409791208137529,0.21783356135863421,0.02534055082981381,0.7148890607340432,0.03765391707810362,0.7177443340669799,0.012313366248289812,0.0028552733329366697,0.021593004580334304,0.015525548747843674,0.2071857712212242,0.02123609541371721,0.7189935161501398,0.033668431384212716,0.7217298197608708,0.012432335970495506,0.0027363036107309613,-0.015168639581226606
train/18_A.png,A,1,good,22008,0.027353689567430027,0.02808069792802617,0.009042166484914576,0.007088331515812432,0.031261359505634315,0.03226099600145402,0.940385314431116,0.03353326063249727,0.9383860414394766,0.0012722646310432545,-0.001999272991639378,0.021264994547437296,0.007724463831334061,0.0022719011268629587,0.022264631043257,0.006588513267902581,0.0024082151944747367,0.008406034169392947,0.006406761177753544,0.02589967284623773,0.03026172300981461,0.9423845874227553,0.03112504543802254,0.9407942566339513,0.0008633224282079272,-0.0015903307888039953,0.00881497637222828,0.006134133042529989,0.01922028353326063,0.02921664849145765,0.9434296619411123,0.029443838604143947,0.9424754634678298,0.00022719011268629644,-0.000954198473282486,0.0007270083605961444
train/198_D.png,D,1,good,18112,0.06459805653710247,0.060678003533568906,0.012257067137809188,0.010269434628975265,0.07321113074204948,0.03892446996466431,0.8964774734982333,0.04267888692579505,0.8966431095406361,0.003754416961130741,0.00016563604240282803,0.059960247349823324,0.008281802120141343,0.004969081272084805,0.05703401060070672,0.010048586572438163,0.006128533568904594,0.011760159010600707,0.009386042402826856,0.06630962897526502,0.03456272084805654,0.900839222614841,0.03997349823321555,0.8993484982332155,0.005410777385159007,-0.0014907243816254523,0.010876766784452296,0.008171378091872792,0.06089885159010601,0.031912544169611305,0.9034893992932862,0.037102473498233215,0.9022195229681979,0.00518992932862191,-0.0012698763250883482,-0.003920053003533569
train/202_D.png,D,1,good,20383,0.14492469214541528,0.12044350684393858,0.02232252367168719,0.011480155031153412,0.15797478290732472,0.044154442427513124,0.8109208654270715,0.06176715890693225,0.8177893342491291,0.017612716479419123,0.006868468822057605,0.13678065054211844,0.014325663543148702,0.006868468822057597,0.13629004562625718,0.014080361085218073,0.007604376195849483,0.02222440268851494,0.013638816660942943,0.14178482068390325,0.04145611539027621,0.8136191924643085,0.05852916646224795,0.8210273266938135,0.01707305107197174,0.007408134229505037,0.020899769415689544,0.015110631408526714,0.12942157680419958,0.03998430064269244,0.8150910072118923,0.056419565324044546,0.8231369278320169,0.016435264681352105,0.008045920620124547,-0.024481185301476707
train/203_D.png,D,1,good,26480,0.04018126888217523,0.02035498489425982,0.011820241691842901,0.0028323262839879152,0.04867824773413897,0.03345921450151058,0.9263595166163142,0.042560422960725076,0.9370845921450152,0.0091012084592145,0.010725075528700945,0.039237160120845924,0.006570996978851964,0.002870090634441088,0.04006797583081571,0.004947129909365559,0.003663141993957704,0.011782477341389729,0.0030211480362537764,0.04214501510574018,0.03126888217522659,0.9285498489425982,0.03935045317220544,0.9402945619335348,0.00808157099697885,0.011744712990936601,0.01080060422960725,0.002870090634441088,0.037197885196374625,0.029720543806646526,0.9300981873111782,0.03746223564954683,0.9421827794561933,0.007741691842900304,0.012084592145015116,-0.01982628398791541
train/204_D.png,D,1,good,22167,0.0938782875445482,0.10520142554247304,0.008977308611900573,0.010375783822799658,0.10777281544638427,0.0385257364550909,0.8675959760003609,0.027563495285785177,0.8672350791717418,-0.010962241169305723,-0.0003608968286190617,0.08697613569720757,0.013714079487526504,0.007082600261650201,0.08923174087607705,0.013488518969639554,0.005052555600667659,0.009473541751251861,0.010105111201335318,0.09685568638065593,0.03464609554743538,0.8714756169080164,0.02431542382821311,0.8704831506293138,-0.010330671719222268,-0.0009924662787026417,0.009834438579870979,0.010917129065728335,0.08693102359363017,0.0323453782649885,0.8737763341904633,0.021608697613569722,0.8731898768439572,-0.010736680651418775,-0.0005864573465060863,0.011323137997924837
train/222_D.png,D,0,poor,6083,0.033700476738451425,0.06690777576853527,0.03649515041920105,0.037481505835936214,0.23754726286371855,0.278316620088772,0.7553838566496794,0.3046194312017097,0.7622883445668256,0.026302811112937696,0.0069044879171461515,0.17310537563702122,0.040769357225053426,0.023672530001643925,0.18576360348512247,0.03764589840539208,0.014137760973204011,0.02975505507151077,0.034358047016274866,0.22225875390432354,0.27568633897747824,0.7580141377609732,0.3003452243958573,0.7665625513726779,0.024658885418379073,0.008548413611704775,0.028604307085319743,0.028275521946408023,0.20844977807003123,0.2737136281440079,0.7599868485944435,0.29771494328456355,0.7691928324839717,0.024001315140555646,0.009205983889528202,0.03320729903008384
train/223_D.png,D,0,poor,14745,0.01024075957951848,0.021905730756188537,0.016751441166497117,0.008138351983723296,0.05459477789081044,0.09501525940996948,0.915225500169549,0.10267887419464225,0.9192268565615462,0.00766361478467277,0.0040013563919972794,0.038657171922685654,0.011664971176670058,0.004272634791454731,0.040081383519837234,0.008816547982366904,0.005696846388606307,0.01627670396744659,0.008002712783994574,0.047134621905730756,0.09196337741607324,0.9182773821634452,0.09888097660223805,0.9230247541539505,0.006917599186164802,0.004747371990505234,0.016615801966768397,0.008545269582909461,0.040895218718209565,0.08965751102068498,0.9205832485588336,0.09711766700576467,0.9247880637504239,0.0074601559850796945,0.004204815191590328,0.011664971176670057
train/224_D.png,D,1,good,17861,0.07183248418341638,0.07849504507026482,0.013829012933206427,0.0073904036728066735,0.08638933990258105,0.1820726723027826,0.8897598118806338,0.18319243043502603,0.8953026146352387,0.001119758132243437,0.005542802754604947,0.06276244331224455,0.017468226862997593,0.006158669727338895,0.06421812888416102,0.015228710598510721,0.0069425004199093,0.014052964559655115,0.007334415766194502,0.07759923856447007,0.17725771233413581,0.8945747718492806,0.17804154302670624,0.9004535020435586,0.0007838306925704308,0.005878730194277981,0.014276916186103801,0.007110464139745815,0.07048877442472426,0.1741223895638542,0.8977100946195622,0.17479424444320027,0.9037008006270646,0.0006718548793460677,0.0059907060075024,0.00666256088684844
train/234_D.png,D,1,good,14214,0.10855494582805685,0.09729843815956099,0.013507809202195019,0.013296749683410722,0.11798227100042212,0.046503447305473476,0.8449416068664697,0.05290558604193049,0.8497959757985085,0.006402138736457015,0.004854368932038833,0.10363022372308991,0.008653440270156184,0.005698607007176023,0.10053468411425355,0.01118615449556775,0.006261432390600816,0.012522864781201633,0.011467567187280146,0.11059518784297172,0.04404108625299001,0.8474039679189531,0.05058393133530322,0.8521176305051358,0.00654284508231321,0.004713662586182665,0.013015336991698325,0.011678626706064444,0.10334881103137751,0.042774729140284226,0.848670325031659,0.048614042493316446,0.8540875193471226,0.00583931335303222,0.005417194315463614,-0.011256507668495855
train/23_A.png,A,1,good,26840,0.06553651266766021,0.06169895678092399,0.011140089418777943,0.00815946348733234,0.08561847988077496,0.04441132637853949,0.8900521609538004,0.04329359165424739,0.8950074515648286,-0.0011177347242921007,0.004955290611028285,0.06941132637853949,0.011475409836065573,0.004731743666169895,0.06535022354694486,0.013673621460506706,0.006594634873323398,0.012704918032786885,0.00853204172876304,0.07671385991058122,0.0411698956780924,0.8932935916542474,0.0393070044709389,0.8989940387481371,-0.0018628912071535011,0.005700447093889727,0.011959761549925485,0.007488822652757079,0.07224292101341281,0.0393070044709389,0.8951564828614009,0.03733233979135619,0.9009687034277198,-0.0019746646795827105,0.005812220566318915,-0.0038375558867362186
train/240_D.png,D,1,good,21096,0.055982176715965115,0.05043610163064088,0.016069397042093286,0.010855138414865377,0.09930792567311339,0.05783086841107319,0.8861869548729617,0.06569965870307168,0.8838642396662875,0.007868790291998488,-0.002322715206674264,0.07854569586651498,0.014742131209708001,0.006020098596890406,0.07598596890405764,0.015500568828213879,0.007821387940841865,0.016685627607129314,0.01061812665908229,0.0873151308304892,0.05474971558589306,0.8892681076981418,0.06261850587789154,0.8869453924914675,0.007868790291998481,-0.002322715206674264,0.015595373530527114,0.008579825559347744,0.07963594994311718,0.052711414486158514,0.8913064087978764,0.06067500948047023,0.8888888888888888,0.007963594994311714,-0.002417519908987531,-0.005546075085324238
train/248_D.png,D,1,good,19965,0.0015026296018031556,0.007513148009015778,0.011620335587277736,0.004257450538442274,0.044878537440520914,0.06801903330828951,0.9334835962935136,0.07007262709742049,0.9374405209115952,0.0020535937891309752,0.003956924618081614,0.03636363636363636,0.005860255447032306,0.0026546456298522413,0.035061357375406964,0.006210869020786376,0.0036063110443275734,0.009967443025294264,0.0042073628850488355,0.040320560981718004,0.06426245930378162,0.9372401702980215,0.06691710493363386,0.9405960430753819,0.002654645629852237,0.0033558727773603803,0.00911595291760581,0.004107187578261958,0.03681442524417731,0.06180816428750313,0.9396944653143,0.06521412471825695,0.9422990232907589,0.003405960430753821,0.0026045579764588656,0.006010518407212622
train/256_D.png,D,0,poor,7104,0.08037725225225226,0.047438063063063064,0.027730855855855857,0.023367117117117118,0.14484797297297297,0.2853322072072072,0.795045045045045,0.2521114864864865,0.7953265765765766,-0.03322072072072069,0.00028153153153154253,0.11951013513513513,0.013795045045045045,0.011542792792792793,0.11303490990990991,0.023367117117117118,0.008445945945945946,0.024493243243243243,0.023789414414414414,0.13274211711711711,0.27322635135135137,0.8071509009009009,0.24183558558558557,0.8056024774774775,-0.0313907657657658,-0.0015484234234234284,0.023367117117117118,0.02252252252252252,0.12317004504504504,0.26872184684684686,0.8116554054054054,0.23747184684684686,0.8099662162162162,-0.03125,-0.0016891891891891442,-0.03293918918918919
train/262_D.png,D,1,good,22233,0.0235685692439167,0.0031034948050195654,0.015517474025097828,0.0033733639184995276,0.024872936625736516,0.02964062429721585,0.9467908064588675,0.039131021454594524,0.957765483740386,0.009490397157378674,0.010974677281518463,0.014662888499077948,0.0064318805379391,0.003778167588719471,0.015517474025097828,0.005442360455179238,0.0039131021454594525,0.014482975756757973,0.0036882112175594837,0.020689965366797104,0.028156344173076057,0.9482750865830072,0.03683713399001484,0.9600593712049655,0.008680789816938785,0.011784284621958352,0.013403499302838124,0.0035532766608195026,0.017226645077137587,0.027031889533576214,0.9493995412225071,0.035397832051455046,0.9614986731435254,0.008365942517878831,0.012099131921018302,-0.020465074438897134
train/266_D.png,D,0,poor,16581,0.19341414872444365,0.1727278209999397,0.027320426994753032,0.013087268560400458,0.24202400337735963,0.11621735721609071,0.6903684940594657,0.11802665701706773,0.7092455219829926,0.0018092998009770211,0.018877027923526968,0.20728544719860081,0.026657017067728123,0.008081539111030697,0.21072311682045716,0.02044508775104035,0.010855798805862132,0.02726011700138713,0.01314757855376636,0.22254387552017368,0.11036728785959833,0.696218563415958,0.11036728785959833,0.716904891140462,0.0,0.02068632772450396,0.026958567034557627,0.012544478620107352,0.20903443700621194,0.10542186840359448,0.7011639828719619,0.10270791870212895,0.7245642602979314,-0.0027139497014655317,0.023400277425969507,-0.02068632772450396
train/269_D.png,D,0,poor,18205,0.14386157648997527,0.13150233452348256,0.026970612469101894,0.01093106289480912,0.13551222191705575,0.03466080747047515,0.8214776160395496,0.04191156275748421,0.8265861027190332,0.00725075528700906,0.005108486679483604,0.11458390552046141,0.01576489975281516,0.0051634166437791815,0.11145289755561659,0.01664377918154353,0.007415545179895633,0.024553694040098873,0.011095852787695688,0.12749244712990937,0.02993683054106015,0.8262015929689646,0.03630870639934084,0.8321889590771766,0.006371875858280692,0.005987366108212044,0.02158747596814062,0.010381763251853887,0.12101071134303763,0.025981873111782478,0.8301565503982422,0.03257346882724526,0.8359241966492722,0.0065915957154627815,0.00576764625102999,-0.012359241966492712
train/271_D.png,D,1,good,22412,0.019186150276637514,0.002810994110298055,0.015170444404783151,0.00718365161520614,0.03172407638764947,0.03837230055327503,0.9424415491700875,0.04372657504908085,0.9534624308406211,0.005354274495805819,0.011020881670533611,0.019676958772086382,0.008299125468499018,0.0037479921470640726,0.019944672496876672,0.007629841156523291,0.004149562734249509,0.014902730679992862,0.006826699982152419,0.026637515616633946,0.037256826699982155,0.9435570230233803,0.04216491165447082,0.9550240942352312,0.004908084954488662,0.011467071211850866,0.014099589505621988,0.006648224165625558,0.022532571836516153,0.03636444761734785,0.9444494021060147,0.04104943780117794,0.956139568088524,0.00468499018383009,0.01169016598250927,-0.016375156166339458
train/274_D.png,D,1,good,20653,0.03374812375926015,0.021498087444923257,0.016171984699559386,0.011765845155667457,0.07277393114801724,0.07466227666682806,0.8915895995739118,0.07872948239965138,0.8997724301554254,0.00406720573282332,0.00818283058151359,0.052098968672832036,0.013896286253813006,0.0067786762213721975,0.051517939282428704,0.014574153875950225,0.006681837989638309,0.0181571684501041,0.01191110250326829,0.06284801239529367,0.06899724011039558,0.8972546361303443,0.07228973998934779,0.906212172565729,0.003292499878952207,0.008957536435384661,0.01801191110250327,0.012637389241272454,0.05476202004551397,0.06497845349343921,0.9012734227473006,0.06807727690892364,0.9104246356461531,0.003098823415484425,0.009151212898852457,-0.012250036314336896
train/276_D.png,D,1,good,22609,0.008359502852846212,0.018620903180149497,0.010659471891724535,0.0015480560838604096,0.02529965942766155,0.045557079039320623,0.9460834181078331,0.06307222787385554,0.955548675306294,0.017515148834534915,0.009465257198460808,0.019284355787518245,0.003936485470387899,0.0020788181697554073,0.018178601441903666,0.004334557034809147,0.002786500950948737,0.009509487372285373,0.0015480560838604096,0.020876642045203238,0.04294749878367022,0.9486929983634835,0.060551107965854306,0.9580697952142951,0.017603609182184086,0.009376796850811608,0.008536423548144545,0.0012384448670883276,0.017161307443938255,0.04166482374275731,0.9499756734043965,0.058383829448449734,0.9602370737316998,0.016719005705692423,0.010261400327303272,0.010261400327303286
train/277_D.png,D,0,poor,18279,0.41873187811149404,0.36178127906340607,0.06225723507850539,0.015536954975655123,0.3828984080091909,0.050112150555282016,0.5311559713332239,0.07691886864708135,0.5612998522895125,0.026806718091799332,0.030143880956288616,0.3308167842879807,0.041632474424202634,0.010449149297007495,0.31861699217681494,0.041194813720663054,0.023086602111712894,0.06630559658624652,0.015263417035942885,0.362383062530773,0.04573554351988621,0.5355325783686198,0.07150281744077903,0.5667159034958149,0.025767273920892828,0.031183325127195127,0.06729033316921057,0.015208709448000438,0.345642540620384,0.04387548552984299,0.537392636358663,0.06860331527982931,0.5696154056567646,0.024727829749986323,0.03222276929810164,-0.05695059904808797
train/285_D.png,D,1,poor,11316,0.013343937787203958,0.006892895015906681,0.02872039589961117,0.010339342523860021,0.09278897136797455,0.11382113821138211,0.8728349240014139,0.12902085542594557,0.8778720395899611,0.015199717214563466,0.005037115588547136,0.06618946624248852,0.019176387416048074,0.007423117709437964,0.06733828207847296,0.01661364439731354,0.008837044892188053,0.026069282431954756,0.010869565217391304,0.08050547896783315,0.107988688582538,0.878667373630258,0.12256981265464828,0.8843230823612585,0.014581124072110277,0.005655708731000408,0.02509720749381407,0.010869565217391304,0.07158006362672323,0.10445387062566278,0.8822021915871333,0.1184164015553199,0.8884764934605868,0.01396253092965713,0.006274301873453458,-0.0064510427712972775
train/296_D.png,D,1,good,18490,0.08447809626825312,0.07393185505678745,0.017847485127095726,0.012222823147647378,0.12487831260140617,0.06425094645754462,0.8512709572742023,0.06814494321254733,0.8579232017306653,0.00389399675500271,0.006652244456462952,0.1065440778799351,0.012979989183342347,0.005354245538128718,0.10881557598702,0.01097890751757707,0.005083829096809086,0.016819902650081126,0.011465657111952406,0.11584640346133045,0.060411032990805844,0.855110870740941,0.06560302866414278,0.8604651162790697,0.005191995673336933,0.005354245538128688,0.016333153055705787,0.011465657111952406,0.10892374256354787,0.05754461871281774,0.8579772850189291,0.06333153055705787,0.8627366143861547,0.005786911844240128,0.004759329367225562,-0.010546241211465662
train/299_D.png,D,0,poor,10192,0.06917189952904239,0.1283359497645212,0.024823390894819466,0.01707221350078493,0.16110675039246466,0.28100470957613816,0.7881671899529042,0.3263343799058085,0.8020015698587127,0.045329670329670335,0.013834379905808492,0.1304945054945055,0.02403846153846154,0.006573783359497645,0.12755102040816327,0.024627158555729986,0.008928571428571428,0.024823390894819466,0.01609105180533752,0.15070643642072212,0.2753139717425432,0.7938579277864992,0.3203492935635793,0.8079866562009419,0.04503532182103609,0.014128728414442682,0.024430926216640503,0.015502354788069073,0.1417778649921507,0.271585557299843,0.7975863422291993,0.31642464678178966,0.8119113029827315,0.04483908948194665,0.014324960753532179,0.05916405023547881
train/304_G.png,G,1,good,22373,0.16470745988468244,0.13409019800652572,0.0389308541545613,0.009743887721807535,0.14012425691681937,0.029633933759442184,0.8056586063558754,0.0397800920752693,0.826129709918205,0.010146158315827117,0.020471103562329618,0.11866982523577527,0.015733249899432353,0.0057211817816117646,0.10713806820721405,0.020828677423680327,0.012157511285924998,0.03875206722388593,0.009967371385151745,0.12550842533410808,0.026102891878603676,0.8091896482367139,0.03347785276896259,0.8324319492245117,0.007374960890358915,0.02324230098779778,0.03709828811513878,0.010593125642515532,0.11500469315693022,0.02368926831448621,0.8116032718008314,0.03003620435346176,0.8358735976400126,0.006346936038975549,0.024270325839181206,-0.03061726187815672
train/307_G.png,G,1,poor,21015,0.14984534856055198,0.14670473471330003,0.012419700214132762,0.010896978348798478,0.14004282655246253,0.02607661194384963,0.8240780394955984,0.03302403045443731,0.8202712348322627,0.00694741851058768,-0.0038068046633357167,0.12034261241970022,0.012895550797049727,0.006804663335712586,0.12334047109207709,0.011420413990007138,0.0052819414703783015,0.012419700214132762,0.011420413990007138,0.1310016654770402,0.02212705210563883,0.8280275993338092,0.028646205091601238,0.8246490601950988,0.006519152985962409,-0.0033785391387104458,0.01270521056388294,0.01165833928146562,0.1232928860337854,0.019652629074470615,0.8305020223649774,0.025458006186057577,0.8278372591006424,0.005805377111586962,-0.0026647632643349572,-0.0031406138472519496
train/312_G.png,G,1,good,23310,0.011583011583011582,0.007893607893607893,0.007636207636207636,0.003818103818103818,0.026469326469326468,0.03397683397683398,0.9544401544401544,0.0489060489060489,0.9589875589875589,0.014929214929214923,0.004547404547404543,0.019776919776919775,0.004761904761904762,0.0019305019305019305,0.020205920205920207,0.00429000429000429,0.0019734019734019732,0.0069498069498069494,0.0026598026598026597,0.022007722007722007,0.030244530244530245,0.9581724581724582,0.045002145002145,0.9628914628914629,0.014757614757614754,0.00471900471900466,0.005963105963105963,0.0023166023166023165,0.018833118833118834,0.028614328614328614,0.9598026598026598,0.0422994422994423,0.9655941655941656,0.013685113685113683,0.00579150579150578,-0.0036894036894036895
train/316_G.png,G,0,poor,2178,0.5941230486685032,0.5234159779614325,0.06932966023875115,0.021120293847566574,0.7107438016528925,0.15794306703397612,0.24793388429752067,0.19880624426078972,0.2777777777777778,0.040863177226813596,0.029843893480257122,0.6974288337924701,0.0073461891643709825,0.005968778696051423,0.6946740128558311,0.008264462809917356,0.007805325987144169,0.0674931129476584,0.01652892561983471,0.6960514233241506,0.14967860422405876,0.256198347107438,0.1919191919191919,0.2846648301193756,0.04224058769513314,0.028466483011937604,0.05831037649219467,0.017447199265381085,0.6864095500459136,0.14508723599632692,0.26078971533516987,0.182277318640955,0.2943067033976125,0.037190082644628086,0.03351698806244263,-0.07070707070707072
train/320_G.png,G,1,poor,27431,0.1510699573475265,0.13112901461849732,0.017644271080164777,0.0067077394189056175,0.12573365899894282,0.014910138164849988,0.8340199044876235,0.020414859101017098,0.8484561262804856,0.00550472093616711,0.01443622179286208,0.1118807188946812,0.010754256133571507,0.0030986839706900952,0.10736028580802741,0.013488389048886296,0.004884984142029091,0.017753636396777368,0.005905727097079946,0.11723961940869819,0.009296051912070285,0.8396339907404032,0.014837227953774927,0.8540337574277278,0.0055411760417046416,0.014399766687324567,0.01870146914075316,0.005759906674929824,0.10998505340672961,0.00616091283584266,0.8427691298166308,0.011155262294484342,0.8577157230870184,0.004994349458641682,0.01494659327038761,-0.019940942729029187
train/325_G.png,G,0,poor,6639,0.024401265250790782,0.04714565446603404,0.026208766380478987,0.011899382437114024,0.1706582316613948,0.20289200180750114,0.8215092634432897,0.21931013706883568,0.8278355173971984,0.016418135261334538,0.006326253953908734,0.14987196866998043,0.015815634884771803,0.004970628106642567,0.14309383943364964,0.01807501129688206,0.009489380930863081,0.028317517698448563,0.01174875734297334,0.1480644675402922,0.20078325048953155,0.8236180147612592,0.2172013857508661,0.8299442687151679,0.016418135261334538,0.006326253953908734,0.02786564241602651,0.013104383190239493,0.12938695586684743,0.198674499171562,0.8257267660792288,0.21584575990359994,0.8312998945624341,0.017171260732037952,0.005573128483205347,0.022744389215243258
train/330_G.png,G,1,poor,16385,0.10094598718339945,0.10460787305462313,0.01739395788831248,0.018431492218492523,0.13445224290509614,0.05340250228867867,0.8456515105279219,0.05450106805004577,0.8408910588953311,0.001098565761367104,-0.004760451632590756,0.11101617332926457,0.01647848642050656,0.006957583155324992,0.11126029905401282,0.016539517851693622,0.006652425999389686,0.015624046383887702,0.018553555080866646,0.12450411962160512,0.04839792493133964,0.8506560878852609,0.04986267927982911,0.8455294476655477,0.001464754348489472,-0.005126640219713208,0.015685077815074763,0.02007934086054318,0.11583765639304242,0.04559047909673482,0.8534635337198657,0.046872139151663106,0.8485199877937137,0.001281660054928288,-0.004943545926151982,0.00366188587122368
train/332_G.png,G,1,poor,18827,0.04833483826419504,0.03675572316354172,0.013385032134700164,0.006958092101768737,0.05970149253731343,0.0287884421309821,0.9228767196048229,0.03707441440484411,0.9261698624316141,0.008285972273862009,0.0032931428267912732,0.039623944335263186,0.014553566686142242,0.0055239815159080045,0.040845594093589,0.012641419238327933,0.006214479205396505,0.012960110479630318,0.008126626653210815,0.05157486588410262,0.025813990545493173,0.9258511711903118,0.03494980612949487,0.9282944707069634,0.0091358155840017,0.0024432995166515648,0.012588304031444203,0.006692516067350082,0.045838423540659694,0.02416741913209752,0.9274977426037074,0.033621925957401606,0.9296223508790566,0.009454506825304087,0.0021246082753492157,-0.01157911510065332
train/335_G.png,G,1,poor,19026,0.12814043939871755,0.11005991800693787,0.01923683380637023,0.006990434142752024,0.10963944076526858,0.035425207610638075,0.8364343529906444,0.04441290865131925,0.8455271733417429,0.008987701040681174,0.009092820351098485,0.09360874592662673,0.011825922421948912,0.0042047724166929465,0.09334594765058342,0.01061705035214969,0.005676442762535478,0.018238200357405657,0.006990434142752024,0.10144013455271733,0.030537159676232523,0.84132240092505,0.039104383475244406,0.8508356985178177,0.008567223799011883,0.009513297592767755,0.01829076001261432,0.007568590350047304,0.0930831493745401,0.02780405760538211,0.8440555029959004,0.035845684852307366,0.8540943971407547,0.008041627246925257,0.010038894144854371,-0.01808052139177968
train/340_G.png,G,1,good,26618,0.14430084904951537,0.11559846720264483,0.014463896611315651,0.004282816139454504,0.14880907656473064,0.047937485911789014,0.8077616650386956,0.06322789090089413,0.821173641896461,0.015290404989105118,0.013411976857765406,0.13344353445037194,0.012435194229468781,0.002930347884889924,0.13261702607258247,0.011683822976932903,0.004508227515215268,0.014764445112330002,0.0037568562626793898,0.14050642422420917,0.04170110451574123,0.8139980464347434,0.0560147268765497,0.8283868059208055,0.014313622360808471,0.014388759486062108,0.014463896611315651,0.0038695619505597716,0.13415733714028102,0.036854759936884814,0.8188443910135998,0.05000375685626268,0.8343977759410925,0.013148996919377869,0.015553384927492697,-0.028702381846870545
train/350_G.png,G,1,good,14059,0.015008179813642506,0.041468098726794224,0.019702681556298455,0.007184010242549257,0.06501173625435663,0.1168646418664201,0.8981435379472225,0.1283163809659293,0.9131517177608649,0.011451739099509195,0.015008179813642442,0.05540934632619674,0.006330464471157266,0.0032719254570026317,0.05284870901202077,0.008037556013941247,0.004125471228394623,0.018351234084927805,0.005476918699765275,0.06017497688313536,0.1135215875951348,0.9014865922185077,0.125186713137492,0.9162813855893023,0.0116651255423572,0.01479479337079459,0.017639945942101144,0.0051212746283519454,0.05626289209758873,0.11124546553808948,0.903762714275553,0.12269720463759869,0.9187708940891955,0.011451739099509209,0.015008179813642553,0.02645991891315172
train/351_G.png,G,1,good,21762,0.02031063321385902,0.016588548846613364,0.00964984835952578,0.005376344086021506,0.026560058818123334,0.030511901479643416,0.9491774653064976,0.029822626596820147,0.9535888245565665,-0.0006892748828232695,0.004411359250068858,0.01833471188309898,0.005238489109456851,0.002986857825567503,0.01713996875287198,0.006525135557393622,0.0028949545078577337,0.009511993382961124,0.0050546824740373125,0.021918941273779982,0.027708850289495452,0.9519805164966455,0.02752504365407591,0.9558864074993108,-0.00018380663541954154,0.0039058910026652516,0.009511993382961124,0.005284440768311736,0.017599485341420824,0.024905799099347488,0.9547835676867935,0.02623839720613914,0.9571730539472475,0.0013325981067916527,0.002389486260453988,-0.0037220843672456545
train/353_G.png,G,1,poor,13077,0.020799877647778544,0.020111646402079988,0.016670490173587214,0.016594020035176262,0.04228798654125564,0.11546990900053529,0.9053299686472432,0.11814636384491856,0.9019652825571615,0.0026764548443832664,-0.003364686090081781,0.02729983941270934,0.010476408962300222,0.004511738166246081,0.027452779689531238,0.009405827024546915,0.005429379827177487,0.016899900588820065,0.015446967959012006,0.03379980117764013,0.10904641737401545,0.9117534602737631,0.11126405138793301,0.908847595014147,0.0022176340139175577,-0.002905865259616114,0.016976370727231016,0.014758736713313451,0.02760571996635314,0.10499350003823507,0.9158063776095434,0.10644643266804313,0.9136652137340369,0.001452932629808057,-0.0021411638755065576,-0.0006882312456985562
train/360_G.png,G,0,poor,7107,0.27916139017869707,0.2241452089489236,0.06388068101871394,0.02321654706627269,0.36893203883495146,0.17574222597439146,0.5450963838469115,0.19037568594343604,0.5854791051076403,0.014633459969044582,0.04038272126072884,0.3313634444913466,0.025467848599971858,0.012100745743633038,0.3216547066272689,0.032503165892781766,0.014774166314900802,0.06345856198114536,0.025045729562403266,0.3431827775432672,0.16800337695230055,0.5528352328690024,0.18179259884620796,0.5940621922048684,0.01378922189390741,0.041226959335866065,0.06317714928943295,0.025608554945828057,0.3251723652736738,0.16462642465175178,0.5562121851695512,0.17560151962853524,0.6002532714225411,0.01097509497678345,0.04404108625298997,-0.055016181229773475
train/365_G.png,G,1,poor,16165,0.08543148778224559,0.07627590473244665,0.012248685431487782,0.007423445716053201,0.12137333745746984,0.0671203216826477,0.8474481905351067,0.06965666563563254,0.8540674296319208,0.0025363439529848403,0.006619239096814167,0.10102072378595732,0.015960408289514384,0.004392205381998144,0.10071141354778843,0.014723167336838849,0.0059387565728425615,0.01286730590782555,0.006866687287349211,0.10992885864522116,0.062604392205382,0.8519641200123724,0.06563563253943705,0.8580884627281163,0.003031240334055052,0.006124342715743913,0.011568202907516239,0.007175997525518094,0.10089699969068976,0.06019177234766471,0.8543767398700897,0.06377977111042375,0.8599443241571296,0.0035879987627590454,0.005567584287039962,-0.009155583049798938
train/368_G.png,G,1,poor,22274,0.06626560114932208,0.06397593606895932,0.007901589296938134,0.006240459728831822,0.10231660231660232,0.044177067432881384,0.8895573314177966,0.04610756936338332,0.8899164945676573,0.0019305019305019336,0.0003591631498607306,0.088892879590554,0.010370835952231301,0.0030528867738170064,0.0931579419951513,0.0056568196103079825,0.003501840711143037,0.0074077399658795005,0.005926191972703601,0.0960312471940379,0.04058543593427314,0.8931489629164048,0.04224656550237946,0.8937774984286612,0.0016611295681063162,0.0006285355122563896,0.007587321540809913,0.005611924216575379,0.09059890455239293,0.03820598006644518,0.8955284187842327,0.03941815569722546,0.8966059082338153,0.001212175630780278,0.001077489449582525,-0.0022896650803627544
train/370_G.png,G,1,poor,24490,0.09799918334013884,0.08285014291547571,0.014699877501020826,0.005634953042057983,0.10600244997958351,0.03127807268272764,0.8707227439771336,0.03732135565536954,0.8798285014291548,0.006043282972641895,0.009105757452021246,0.09203756635361372,0.010085749285422621,0.0038791343405471623,0.08583095140873825,0.012658227848101266,0.007513270722743977,0.014904042466312781,0.006288280930992242,0.09799918334013884,0.028787260106165783,0.8732135565536954,0.033687219273172725,0.8834626378113516,0.004899959167006942,0.010249081257656223,0.015067374438546345,0.006492445896284197,0.09158840342997142,0.02772560228664761,0.8742752143732135,0.03233973050224581,0.8848101265822785,0.004614128215598201,0.010534912209064995,-0.015149040424663127
train/371_G.png,G,0,poor,14764,0.034949878081820644,0.015917095638038472,0.012530479544838796,0.010430777567054999,0.13383906800325115,0.114535356272013,0.8505147656461663,0.16188024925494446,0.854036846383094,0.04734489298293146,0.003522080736927613,0.11812516933080466,0.01083717149823896,0.004876727174207532,0.1167027905716608,0.011379030073150907,0.0057572473584394475,0.011785424004334868,0.010430777567054999,0.12462747222974803,0.11087781089135736,0.854172311026822,0.1582227038742888,0.8576943917637496,0.047344892982931444,0.003522080736927613,0.011311297751286914,0.009143863451639122,0.11677052289352478,0.10796532105120564,0.8570848008669737,0.1551070170685451,0.8608100785694933,0.04714169601733946,0.003725277702519625,-0.019032782443782172
train/375_G.png,G,1,poor,17325,0.16802308802308802,0.1471861471861472,0.025396825396825397,0.017835497835497836,0.1868975468975469,0.06643578643578643,0.7655411255411255,0.07792207792207792,0.7748917748917749,0.011486291486291489,0.009350649350649332,0.15884559884559885,0.02072150072150072,0.0073304473304473304,0.15266955266955268,0.02158730158730159,0.012640692640692642,0.02637806637806638,0.016911976911976913,0.17414141414141415,0.06406926406926407,0.7679076479076479,0.07474747474747474,0.778066378066378,0.010678210678210676,0.010158730158730145,0.027474747474747475,0.016854256854256854,0.16288600288600288,0.06291486291486291,0.7690620490620491,0.07238095238095238,0.7804329004329005,0.00946608946608947,0.011370851370851365,-0.02083694083694082
train/378_G.png,G,1,good,24922,0.05814140117165557,0.037958430302543936,0.010432549554610385,0.002728512960436562,0.06319717518658213,0.03294278147821202,0.9089158173501324,0.048110103522991735,0.9139314661744643,0.015167322044779712,0.00501564882433192,0.055332637830029695,0.0060187785891982985,0.001845758767354145,0.05268437525078244,0.0070219083540646815,0.0034908915817350133,0.010673300698178316,0.003129764866383115,0.05621539202311211,0.030334644089559427,0.911523954738785,0.04485996308482465,0.9171816066126314,0.014525318995265223,0.00565765187384637,0.010272048792231763,0.0030093892945991492,0.05091886686461761,0.029291389134098386,0.9125672096942461,0.04333520584222775,0.9187063638552283,0.014043816708129361,0.0061391541609822076,-0.02018297086911163
train/38_A.png,A,1,good,18915,0.030187681734073487,0.02098863335976738,0.014327253502511234,0.0051810732223103355,0.08406026962727994,0.0809939201691779,0.8888183980967486,0.08437747819191119,0.8946338884483215,0.0033835580227332823,0.005815490351572916,0.06603224953740418,0.01210679355009252,0.005921226539783241,0.06502775574940524,0.012159661644197727,0.006872852233676976,0.0154903515728258,0.005233941316415543,0.07406819984139572,0.0760771874173936,0.893735130848533,0.07681734073486651,0.9021940259053661,0.0007401533174729164,0.008458895056833171,0.015384615384615385,0.005392545598731166,0.06772402854877081,0.07348665080623844,0.8963256674596881,0.0731694422416072,0.9058419243986254,-0.0003172085646312439,0.009516256938937317,-0.009199048374306108
train/396_G.png,G,1,good,27768,0.10645347162201095,0.09316479400749064,0.01707000864304235,0.006158167675021608,0.09287669259579372,0.02153558052434457,0.8720109478536445,0.02646931719965428,0.880365888792855,0.0049337366753097085,0.00835494093921052,0.07627484874675886,0.010875828291558629,0.005726015557476232,0.07577067127628925,0.011524056467876692,0.005581964851627773,0.015413425525785077,0.005906078939786805,0.08553010659752233,0.018870642466148085,0.874675885911841,0.023444252376836647,0.8833909536156728,0.004573609910688562,0.008715067703831791,0.01451310861423221,0.0056179775280898875,0.07991212906943244,0.017250072025352923,0.8762964563526361,0.02200374531835206,0.8848314606741573,0.004753673292999139,0.008535004321521211,-0.013288677614520308
train/3_A.png,A,1,good,24941,0.088849685257207,0.07982839501222885,0.015075578364941262,0.009181668738222204,0.08259492402068883,0.024177057856541437,0.8869732568862515,0.02562046429573794,0.8945511406920332,0.0014434064391965033,0.007577883805781727,0.0713283348702939,0.008379776272001925,0.0028868128783930075,0.0675995349023696,0.010665169800729722,0.004330219317589511,0.015596808467984443,0.007898640792269757,0.07654063590072571,0.020528447135239165,0.8906218676075538,0.021731285834569583,0.8984403191532015,0.0012028386993304177,0.007818451545647753,0.015195862234874303,0.0070165590794274485,0.07196984884327012,0.017521350386913114,0.8936289643558799,0.01916522994266469,0.9010063750451065,0.001643879555751574,0.007377410689226593,-0.00902129024497815
train/406_G.png,G,0,poor,23282,0.1125762391547118,0.10699252641525642,0.023065028777596426,0.01494716948715746,0.11438020788592046,0.03895713426681557,0.8484666265784726,0.041233570999055065,0.8517739025856885,0.002276436732239498,0.00330727600721592,0.09367751911347823,0.013443862211150244,0.0072588265612919855,0.09389227729576496,0.014345846576754574,0.0061420840134009105,0.022721415685937635,0.015462589124645649,0.10342754058929646,0.034619018984623315,0.8528047418606649,0.03539214844085559,0.8576153251438879,0.0007731294562322785,0.0048105832832230355,0.02246370586719354,0.015677347306932394,0.09389227729576496,0.03208487243363972,0.8553388884116485,0.03187011425135298,0.8611373593333906,-0.00021475818228674365,0.005798470921742127,-0.0055837127394553765
train/417_G.png,G,1,good,28728,0.0929406850459482,0.09172236145920357,0.010268727373990531,0.007031467557783347,0.10087719298245613,0.03881230854915065,0.8682470064049012,0.035505430242272346,0.8727722082985241,-0.0033068783068783067,0.004525201893622932,0.0846212754107491,0.010338345864661654,0.005917571707045391,0.0865009746588694,0.009015594541910331,0.005360623781676413,0.009572542467279309,0.0069270398217766635,0.09165274296853244,0.03306878306878307,0.8739905318852688,0.030179615705931494,0.8780980228348649,-0.0028891673628515732,0.004107490949596171,0.008458646616541353,0.00682261208576998,0.0852478418267892,0.030214424951267055,0.8768448900027848,0.027812587023113337,0.8804650515176831,-0.0024018379281537175,0.0036201615148983013,-0.0012183235867446324
train/421_G.png,G,1,good,28827,0.08342873001006001,0.07531134006313525,0.012939258334200576,0.008984632462621848,0.06580636209109515,0.020952579179241683,0.8956186908106983,0.024837825649564643,0.8998508342873001,0.0038852464703229596,0.004232143476601724,0.052138620043709026,0.009088701564505499,0.0045790404828806325,0.05404655357824262,0.007909251743157457,0.0038505567696950774,0.012418912824782321,0.008464286953203594,0.05855621465986748,0.016928573906407188,0.8996426960835328,0.020501613071079196,0.9041870468657855,0.0035730391646720087,0.004544350782252793,0.011551670309085233,0.007805182641273806,0.05404655357824262,0.01481250216810629,0.9017587678218337,0.018454920734034066,0.9062337392028307,0.0036424185659277766,0.0044749713809969505,-0.008117389946924763
train/429_G.png,G,1,good,19624,0.06471667346106807,0.04958214431308602,0.017427639624949042,0.012026090501426825,0.08953322462291072,0.04769669792091317,0.8875866286180187,0.05829596412556054,0.8921218915613535,0.010599266204647372,0.004535262943334728,0.06364655523848349,0.017223807582551976,0.008662861801875255,0.06278026905829596,0.019007337953526295,0.0077456176110884635,0.016561353444761517,0.012178964533224623,0.07903587443946189,0.04412963717896453,0.8911536893599674,0.054576029351814104,0.8958418263350999,0.010446392172849574,0.004688136975132484,0.014828781084386466,0.012535670607419487,0.07098450876477783,0.04224419078679168,0.8930391357521402,0.05263962494904199,0.897778230737872,0.010395434162250305,0.004739094985731773,-0.015134529147982058
train/430_G.png,G,1,good,18134,0.03038491231940002,0.004797617734642109,0.020513951692952465,0.003529282011690747,0.04747987206352708,0.03915297231719422,0.9304621153634057,0.05040255872945847,0.9447998235358994,0.01124958641226425,0.01433770817249369,0.03264585860813941,0.010201830815043564,0.004632182640344105,0.03341788904819676,0.008768059997794198,0.00529392301753612,0.018473585529943753,0.0037498621374214185,0.04047645307157825,0.035292820116907465,0.9343222675636925,0.048527627660747766,0.9466747546046101,0.0132348075438403,0.012352487040917626,0.016598654461233042,0.003805007168854086,0.0354031101797728,0.033583324142494764,0.9360317635381052,0.04659755156060439,0.9486048307047535,0.013014227418109627,0.0125730671666483,-0.025587294584757912
train/435_G.png,G,1,good,30063,0.034594019226291454,0.02854006586169045,0.009646409207331272,0.005854372484449323,0.037255097628313874,0.026544257060173635,0.9388617237135349,0.028074377141336527,0.943385556996973,0.0015301200811628918,0.0045238332834380834,0.02827395802148821,0.006053953364601005,0.0029271862422246614,0.02747563450088148,0.006652696005056049,0.003126767122376343,0.008947876126800387,0.00542194724412068,0.031733359944117356,0.021887369856634403,0.9435186109170741,0.023650334297974255,0.9478095998403353,0.0017629644413398524,0.004290988923261185,0.008681768286598144,0.005222366363968998,0.026311412699996675,0.019791770615041747,0.9456142101586668,0.0215547350563816,0.9499051990819279,0.0017629644413398524,0.004290988923261185,-0.006053953364601003
train/437_G.png,G,1,good,25021,0.029615123296430998,0.02461931977139203,0.007074057791455177,0.0032372806842252506,0.03273250469605531,0.023060629071579873,0.9473242476319891,0.023140561927980495,0.9522401183006275,7.993285640062187e-05,0.004915870668638411,0.0268974061788098,0.003636944966228368,0.0021981535510171455,0.0241796890611886,0.006354662083849567,0.0021981535510171455,0.006874225650453619,0.002637784261220575,0.028655929019623515,0.020063146956556494,0.9503217297470125,0.02050277766675992,0.954877902561848,0.0004396307102034272,0.004556172814835557,0.006554494224851125,0.003037448543223692,0.02465928619959234,0.01862435554134527,0.9517605211622238,0.01954358338995244,0.9558370968386555,0.0009192278486071723,0.004076575676431715,-0.004995803525038967
train/442_G.png,G,0,poor,13589,0.07844580175141659,0.0570314224740599,0.027154315990874974,0.011700640223710354,0.09029361983957612,0.05636912208403856,0.8651850761645449,0.06439031569651925,0.8785782618294209,0.008021193612480687,0.013393185664876017,0.06799617337552433,0.015306497902715432,0.006990948561336375,0.06210905879755685,0.018176466259474576,0.010008094782544705,0.02663919346530282,0.010228861579218486,0.08124218117595114,0.05077636323496946,0.8707778350136139,0.05850320111855177,0.8844653764073883,0.007726837883582312,0.013687541393774372,0.02619765987195526,0.009860916918095519,0.07432482154683935,0.048347928471557874,0.8732062697770255,0.05555964382956803,0.8874089336963721,0.007211715358010157,0.014202663919346548,-0.02141437927735669
train/444_G.png,G,1,good,23952,0.02029058116232465,0.011230794923179693,0.008350033400133601,0.00459251837007348,0.023505344021376086,0.020415831663326653,0.9592935871743486,0.03051937207748831,0.958249832999332,0.010103540414161657,-0.0010437541750166757,0.017493319973279894,0.00396626586506346,0.002045758183032732,0.014904809619238476,0.005511022044088177,0.003089512358049432,0.007849031396125585,0.004467267869071477,0.01962257849031396,0.01736806947227789,0.9623413493653975,0.026219104876419506,0.9625501002004008,0.008851035404141616,0.00020875083500326852,0.006847027388109553,0.004008016032064128,0.016783567134268536,0.015113560454241818,0.9645958583834335,0.023338343353373415,0.9654308617234469,0.008224782899131597,0.0008350033400134071,-0.009059786239144956
train/453_N.png,N,1,poor,28253,0.08745973878880119,0.06625845043004283,0.016918557321346405,0.006831132977028988,0.08714118854634906,0.023997451598060382,0.8885428096131385,0.03206739107351432,0.9016741584964428,0.008069939475453938,0.013131348883304361,0.06661239514387853,0.014865677981099352,0.005663115421371182,0.06257742540615156,0.01613987895090787,0.008423884189289632,0.016812373907195696,0.00630021590627544,0.0783987541146073,0.020387215516936254,0.8921530456942626,0.0285633384065409,0.9051782111634162,0.008176122889604644,0.013025165469153666,0.01613987895090787,0.00619403249212473,0.072169327151099,0.0183343361766892,0.8942059250345096,0.026262697766608854,0.9074788518033483,0.007928361589919653,0.013272926768838733,-0.021201288358758355
train/459_N.png,N,1,good,22410,0.08603302097278001,0.07242302543507363,0.015841142347166444,0.006470325747434181,0.08241856314145471,0.027889335118250782,0.8860776439089693,0.036010709504685406,0.891566265060241,0.008121374386434625,0.005488621151271689,0.0677376171352075,0.010040160642570281,0.00464078536367693,0.0643462739848282,0.012315930388219544,0.005756358768406961,0.014100847835787595,0.006648817492190986,0.07447568049977689,0.02579205711735832,0.8881749219098617,0.03279785809906292,0.8947791164658635,0.007005800981704596,0.006604194556001808,0.013788487282463187,0.006470325747434181,0.06840696117804551,0.023739402052655064,0.8902275769745649,0.03110218652387327,0.8964747880410531,0.0073627844712182075,0.006247211066488179,-0.01360999553770638
train/471_N.png,N,1,good,25512,0.07224051426779554,0.06808560677328317,0.009368140482910002,0.004938852304797742,0.0647538413295704,0.017364377547820633,0.9103951081843838,0.01795233615553465,0.9139620570711822,0.0005879586077140175,0.0035669488867983157,0.05577767325180307,0.006741925368454061,0.0022342427093132644,0.05471934775791784,0.0070555032925682035,0.0029789902790843524,0.008819379115710254,0.004664471621197867,0.05887425525243023,0.015718093446221385,0.912041392285983,0.015365318281592976,0.9165490749451238,-0.0003527751646284095,0.00450768265914081,0.008936970837253057,0.004546879899655064,0.05366102226403261,0.014777359673878958,0.9129821260583255,0.013993414863593604,0.9179209783631233,-0.0007839448102853544,0.004938852304797736,-0.004154907494512375
train/472_N.png,N,1,good,28757,0.03237472615363216,0.026080606461035574,0.0075459888027262926,0.005216121292207115,0.03849497513648851,0.02288138540181521,0.9447438884445526,0.024724414925061725,0.9491949786139027,0.001843029523246515,0.00445109016935008,0.03157492088882707,0.004868379872726641,0.0020516743749347983,0.03195743645025559,0.004451090169350071,0.002086448516882846,0.006155023124804395,0.0049727022985707825,0.03352227283791773,0.021038355878568695,0.9465869179677991,0.022672740550126927,0.9512466529888375,0.0016343846715582318,0.004659735021038336,0.005077024724414925,0.004659735021038356,0.028932086100775464,0.019716938484542895,0.947908335361825,0.020899259310776505,0.9530201342281879,0.00118232082623361,0.005111798866362927,-0.0062941196925965885
train/476_N.png,N,1,good,29385,0.005581078781691339,0.0030627871362940277,0.006602007827122682,0.002314105836311043,0.024298111281265952,0.028756168112982813,0.9656627531053259,0.03362259656287221,0.9694401905734218,0.004866428449889399,0.00377743746809589,0.019227497022290284,0.003709375531733878,0.00136123872724179,0.01926152799047133,0.0036072826271907436,0.0014293006636038796,0.005308831036242981,0.0019397651863195507,0.021167262208609833,0.026169814531223412,0.9682491066870852,0.030457716522035053,0.9726050706142589,0.004287901990811641,0.004355963927173745,0.004866428449889399,0.0018036413135953718,0.018580908626850433,0.024468266122171175,0.9699506550961375,0.02793942487663774,0.9751233622596562,0.003471158754466564,0.005172707163518697,-0.0025182916453973113
train/486_N.png,N,1,good,31143,0.05404103650900684,0.04498603217416434,0.012651318113219664,0.0059403397232122785,0.06470153806633915,0.02915582956041486,0.9168031339305783,0.032848473172141415,0.9221654946536942,0.0036926436117265538,0.005362360723115911,0.05397681662010725,0.007642166779051472,0.003082554667180426,0.05227498956426806,0.008605465112545355,0.003821083389525736,0.012298108724271907,0.004944931445268599,0.0568346016761391,0.026651253893330763,0.9193077095976624,0.029926468227209967,0.9250874995986257,0.003275214333879204,0.005779790000963292,0.011816459557524965,0.00394952316732492,0.05214654978646887,0.024917316893041774,0.9210416465979514,0.02777510194907363,0.9272388658767621,0.0028577850560318543,0.006197219278810673,-0.0090550043348425
train/487_N.png,N,1,good,21626,0.020207158050494774,0.014704522334227319,0.010219180615925276,0.0053176731711828355,0.05595116988809766,0.05821696106538426,0.921575880884121,0.06265606214741515,0.9226394155183575,0.00443910108203089,0.0010635346342364738,0.04429852954776658,0.009386849163044483,0.0022657911772865995,0.04554702672708776,0.006612410986775178,0.0037917321742347173,0.009201886617959863,0.004624063627115509,0.04910755571996671,0.05479515398131878,0.9249976879681865,0.05923425506334967,0.926061222602423,0.00443910108203089,0.0010635346342364738,0.00818459261999445,0.004670304263386664,0.042726347914547304,0.0522056783501341,0.9275871635993711,0.057153426431147694,0.928142051234625,0.0049477480810135935,0.0005548876352539089,-0.005502635716267456
train/489_N.png,N,1,good,27506,0.019813858794444847,0.01534210717661601,0.007743764996727987,0.005198865702028648,0.05144332145713663,0.05118883152766669,0.9289973096778884,0.05184323420344652,0.9328146586199375,0.0006544026757798263,0.0038173489420491036,0.039700428997309675,0.008798080418817713,0.0029448120410092344,0.03897331491310987,0.009088926052497637,0.003381080491529121,0.007889187813567948,0.004217261688358904,0.04402675779829855,0.046898858430887806,0.9332872827746673,0.04758961681087762,0.9370682760125063,0.000690758379989817,0.003780993237838981,0.007634697884098015,0.003853704646258998,0.038318912237330034,0.043663200756198645,0.9365229404493565,0.04439031484039846,0.9402675779829855,0.0007271140841998147,0.0037446375336290805,-0.004471751617828836
train/491_N.png,N,1,good,30652,0.06612945321675584,0.04971943103223281,0.01233198486232546,0.004273783113663056,0.07859193527339162,0.030601592065770587,0.9032689547174736,0.03843142372438992,0.9118491452433772,0.007829831658619335,0.008580190525903642,0.06952238026882422,0.006948975597024664,0.002120579407542738,0.06733655226412633,0.007014224194179825,0.004241158815085476,0.011973117577972073,0.0036865457392666057,0.07144721388490148,0.027600156596633174,0.906270390186611,0.03549523685240767,0.9147853321153595,0.007895080255774498,0.008514941928748465,0.01128800730784288,0.0029688111705598328,0.06694506068119535,0.025414328591935275,0.9084562181913088,0.033244160250554614,0.9170364087172126,0.007829831658619339,0.008580190525903753,-0.016410022184523032
train/49_A.png,A,1,good,30683,0.1529185542482808,0.1517452661082684,0.010559593260111463,0.0074634162239676696,0.1315060456930548,0.019261480298536648,0.8278199654531826,0.019554802333539744,0.8286999315581919,0.0002933220350030963,0.0008799661050092888,0.11657921324511945,0.01101587198122739,0.003910960466707949,0.11589479516344556,0.010201088550663234,0.0054101619789459965,0.010038131864550402,0.007626372910080501,0.12306488935241013,0.01378613564514552,0.8332953101065737,0.014144640354593748,0.8341100935371378,0.0003585047094482284,0.000814783430564181,0.00971221849232474,0.007561190235635368,0.11605775184955838,0.009940357852882704,0.8371410878988365,0.010070723201772968,0.8381840106899586,0.00013036534889026424,0.0010429227911221695,-0.0011732881400123851
train/505_N.png,N,1,good,31657,0.06741005148940203,0.0622926998768045,0.009223868338756042,0.005970243548030452,0.06914742395046909,0.020816880942603533,0.9117730675679945,0.022870139305682786,0.9148371608175128,0.002053258363079253,0.003064093249518285,0.05625927914837161,0.009002748207347507,0.0038853965947499764,0.05531162144233503,0.009729285781975551,0.004106516726158512,0.008686862305335313,0.006191363679438987,0.05986037843131061,0.017815964873487695,0.9147739836371103,0.019806046056164515,0.9179012540670309,0.0019900811826768193,0.00312727042992067,0.008750039485737751,0.005780712006823135,0.05351107180086553,0.016047003822219415,0.9165429446883786,0.017531667561676723,0.9201756325615188,0.0014846637394573085,0.0036326878731401946,-0.005117351612597534
train/511_N.png,N,1,good,26176,0.040571515892420536,0.022921760391198046,0.012224938875305624,0.002559596577017115,0.040151283618581904,0.02020935207823961,0.9392191320293398,0.02700947432762836,0.9500687652811736,0.006800122249388751,0.010849633251833746,0.03014211491442543,0.007525977995110024,0.002483190709046455,0.02700947432762836,0.008481051344743275,0.004660757946210269,0.011766503667481663,0.0025213936430317847,0.034344437652811734,0.018528422982885085,0.9409000611246944,0.02532854523227384,0.9517496943765281,0.006800122249388755,0.010849633251833746,0.011040647921760391,0.003056234718826406,0.029263447432762837,0.017114914425427872,0.9423135696821516,0.023609413202933985,0.9534688264058679,0.006494498777506113,0.011155256723716311,-0.01764975550122249
train/522_N.png,N,1,good,25452,0.0017287443030017287,0.008015087223008015,0.008407983655508409,0.003221750746503222,0.021412855571271414,0.04203991827754204,0.9562313374194562,0.04365079365079365,0.9643642935722143,0.001610875373251608,0.008132956152758108,0.014576457645764576,0.004911205406254911,0.0019251925192519251,0.014615747289014616,0.004832626119754832,0.0019644821625019646,0.007032846141757033,0.0029467232437529467,0.017208863743517207,0.04054691183404055,0.9577243438629577,0.041450573628791454,0.9665645135942166,0.000903661794750904,0.008840169731258896,0.005854156844255855,0.002593116454502593,0.013987112997013986,0.039446801823039446,0.9588244538739589,0.040075436115040074,0.967939651107968,0.000628634292000628,0.00911519723400911,0.006286342920006287
train/526_N.png,N,1,good,23486,0.0031508132504470747,0.012432938772034403,0.007366090436855999,0.005066848335178404,0.03827812313718811,0.05305288256833859,0.9500979306821085,0.06173890828578728,0.9506940304862471,0.00868602571744869,0.0005960998041386611,0.031124925487524484,0.005705526696755514,0.0014476709529081156,0.030528825683385847,0.0052371625649323,0.002512134888869965,0.006344205058332624,0.004215277186408925,0.03321127480200971,0.051477475943115046,0.9516733373073321,0.05995060887337137,0.952482329898663,0.008473132930256325,0.000808992591330937,0.005620369581878566,0.0038746487269011327,0.02937920463254705,0.05037043344971472,0.9527803798007324,0.058630673592778675,0.9538022651792557,0.008260240143063952,0.001021885378523324,0.009282125521587328
train/536_N.png,N,1,good,22900,0.028777292576419214,0.013537117903930132,0.014410480349344978,0.005851528384279476,0.05379912663755459,0.045283842794759825,0.9259388646288209,0.05851528384279476,0.9279475982532751,0.013231441048034934,0.0020087336244541953,0.04262008733624454,0.008253275109170306,0.002925764192139738,0.036026200873362446,0.011746724890829695,0.0060262008733624455,0.012576419213973799,0.005676855895196507,0.046593886462882095,0.043187772925764194,0.9280349344978166,0.05576419213973799,0.9306986899563319,0.012576419213973795,0.002663755458515271,0.012489082969432314,0.005545851528384279,0.040436681222707424,0.04161572052401747,0.9296069868995633,0.05327510917030567,0.9331877729257642,0.011659388646288203,0.0035807860262008218,-0.015240174672489082
train/541_N.png,N,1,good,22989,0.003523424246378703,0.015181173604767497,0.008960807342642133,0.0034799251816085954,0.04241158815085476,0.059115229022576016,0.9444081952238027,0.07199095219452782,0.9431902214102397,0.012875723171951806,-0.0012179738135630336,0.03279829483666101,0.0074818391404584805,0.0021314541737352645,0.03149332289355779,0.007525338205228588,0.0033929270520683804,0.008917308277872026,0.0025664448214363393,0.03649571534212014,0.05694027578407064,0.9465831484623081,0.06912001391970073,0.9460611596850668,0.012179738135630086,-0.0005219887772413001,0.009439297055113314,0.002174953238505372,0.03136282569924747,0.0555048066466571,0.9480186175997216,0.06751054852320675,0.9476706250815607,0.012005741876549646,-0.00034799251816086674,0.011657749358388795
train/542_N.png,N,1,good,26676,0.03160143949617634,0.01649422702054281,0.011658419553156395,0.00641025641025641,0.0545434098065677,0.03718698455540561,0.9312115759484181,0.049782576098365575,0.9337231968810916,0.012595591542959965,0.0025116209326735417,0.04123556755135702,0.008547008547008548,0.00476083370820213,0.04194781826360774,0.008547008547008548,0.004048582995951417,0.010871195081721397,0.006860098965362123,0.045584045584045586,0.03508771929824561,0.9333108412055781,0.04719598140650772,0.9363097915729495,0.01210826210826211,0.0029989503673714113,0.010083970610286399,0.006147848253111411,0.04071075123706703,0.033175888439046335,0.9352226720647774,0.045171689908532014,0.9383340830709251,0.01199580146948568,0.0031114110061477573,-0.015107212475633527
train/546_N.png,N,1,good,22010,0.0813721035892776,0.07351203998182644,0.019854611540208997,0.013084961381190368,0.08164470695138573,0.026987732848705134,0.8916401635620173,0.03262153566560654,0.893866424352567,0.005633802816901408,0.0022262607905497722,0.06169922762380736,0.013902771467514766,0.006042707860063608,0.06129032258064516,0.013266696955929124,0.00708768741481145,0.02085415720127215,0.01340299863698319,0.07155838255338483,0.024579736483416628,0.8940481599273058,0.02980463425715584,0.8966833257610177,0.005224897773739211,0.0026351658337119277,0.022762380736029077,0.013584734211721945,0.06238073602907769,0.023307587460245343,0.8953203089504771,0.027896410722398908,0.8985915492957747,0.004588823262153565,0.003271240345297577,-0.00786006360745116
train/547_N.png,N,1,good,25443,0.02326769641944739,0.018708485634555672,0.010494045513500767,0.006563691388594113,0.03403686672169162,0.032936367566717764,0.9437959360138348,0.03273984986047243,0.9485516645049719,-0.00019651770624533327,0.0047557284911370346,0.02464332036316472,0.006406477223597846,0.0029870691349290573,0.02295326808945486,0.006406477223597846,0.004677121408638918,0.0102189207247573,0.005659709939865582,0.028809495735565776,0.0313642259167551,0.9453680776637975,0.030420940926777502,0.9508705734386669,-0.0009432849899775955,0.005502495774869387,0.009079118028534372,0.004873639114884251,0.025272177023149787,0.030420940926777502,0.9463113626537751,0.029045316983060173,0.9522461973823841,-0.0013756239437173294,0.005934834728609006,-0.004559210784891719
train/553_N.png,N,1,good,26846,0.0037621992103106607,0.006816657975117336,0.008194889368993518,0.0032779557475974075,0.03359904641287342,0.047046114877449155,0.9491916859122402,0.05095731207628697,0.9558593458988304,0.0039111971988378125,0.006667659986590135,0.02473366609550771,0.0071891529464352235,0.0016762273709304925,0.02536690754674812,0.00581092155255904,0.002421217313566267,0.007710645906280266,0.0023094688221709007,0.0293898532369813,0.044103404604037846,0.9521343961856515,0.047828354317216715,0.9589883036579007,0.0037249497131788684,0.006853907472249121,0.007114653952171646,0.002123221336511957,0.025813901512329585,0.0419429337703941,0.9542948670192952,0.04555613499217761,0.9612605229829397,0.0036132012217835116,0.0069656559636445126,0.0030544587648066754
train/555_N.png,N,1,good,30811,0.06328908506702152,0.05313037551523806,0.014929732887605076,0.00532277433384181,0.05173477004965759,0.01473499724124501,0.9219759176917335,0.014053422478984778,0.9328162020057772,-0.0006815747622602314,0.010840284314043713,0.03985589562169355,0.008373632793482848,0.0035052416344811916,0.036123462399792285,0.00976923825906332,0.005842069390801986,0.014994644769725098,0.004738567394761611,0.045633053130375516,0.013306935834604525,0.9234039790983739,0.012592905131284282,0.9342767193534777,-0.0007140307033202432,0.010872740255103763,0.014377981889584888,0.004543831748401545,0.04154360455681413,0.012398169484924216,0.9243127454480543,0.011846418486904028,0.9350232059978579,-0.0005517509980201875,0.010710460549803624,-0.010158709551783461
train/559_N.png,N,1,good,27943,0.010736141430769782,0.004867050781948968,0.007300576172923451,0.0043660308485130445,0.02573095229574491,0.029309666106001504,0.9599541924632287,0.03399778119743764,0.9611351680206134,0.004688115091436136,0.0011809755573847225,0.018358801846616327,0.005045986472461797,0.002326163976666786,0.017643059084565007,0.005368070715384891,0.002719822495795011,0.006441684858461869,0.004222882296102781,0.020828114375693377,0.027126650681744982,0.9621372078874852,0.03167161722077085,0.9634613319972801,0.00454496653902587,0.0013241241097948775,0.006012239201231078,0.0039007980531796872,0.01728518770353935,0.02587410084815517,0.963389757721075,0.02984647317753999,0.965286476040511,0.00397237232938482,0.0018967183194359416,-0.005869090648820814
train/561_N.png,N,1,good,25501,0.046468765930747814,0.03627308732990863,0.012940668993372808,0.005607623230461551,0.05278224383357515,0.025293125759774125,0.9282381083094781,0.03333202619505118,0.9303948864750402,0.008038900435277052,0.0021567781655621454,0.04227285204501784,0.008470256068389475,0.0020391357201678365,0.040272930473314775,0.009176110740755264,0.0033332026195051173,0.011999529430218423,0.004980196855025293,0.04772361868162033,0.02313634759421199,0.9303948864750402,0.03097917728716521,0.9327477353829262,0.007842829692953218,0.002352848907886007,0.010979961570134504,0.0046272695188423986,0.043449276498960826,0.021097211874044154,0.932434022195208,0.029214540606250734,0.9345123720638406,0.00811732873220658,0.002078349868632645,-0.010195678600839184
train/566_N.png,N,1,good,24341,0.019514399572737356,0.008873916437286883,0.01421469947824658,0.00821658929378415,0.03902879914547471,0.03011379976171891,0.9503718006655437,0.03516700217739616,0.9559590813853169,0.005053202415677253,0.005587280719773213,0.02452651904194569,0.009202580009038248,0.005299700094490777,0.024444353149007846,0.009161497062569328,0.0054229489338975395,0.012858962244772195,0.007353847417936815,0.031305205209317614,0.02847048190296208,0.9520151185243005,0.03323610369335689,0.9578899798693562,0.00476562179039481,0.00587486134505566,0.012242718047738384,0.006491105542089479,0.025512509757199785,0.027073661723018776,0.9534119387042439,0.03208578119222711,0.959040302370486,0.005012119469208334,0.005628363666242087,-0.010640483135450473
train/572_N.png,N,1,good,25604,0.00011716919231370099,0.012224652398062802,0.008006561474769568,0.004100921730979534,0.019723480706139666,0.03768942352757382,0.9624277456647399,0.04542259022027808,0.9668020621777847,0.007733166692704262,0.004374316513044874,0.013318231526324012,0.0045695985002343386,0.0018356506795813154,0.012107483205749102,0.004257147320731135,0.0033588501796594284,0.007733166692704265,0.003436962974535229,0.016130292141852836,0.0358537728479925,0.9642633963443212,0.04346977034838306,0.9687548820496797,0.007615997500390562,0.004491485705358511,0.007381659115763162,0.002968286205280425,0.013513513513513514,0.03456491173254179,0.9655522574597719,0.04214185283549445,0.9700827995625684,0.007576941102952664,0.004530542102796464,0.0121074832057491
train/573_N.png,N,1,good,28300,0.03802120141342756,0.026395759717314487,0.008657243816254417,0.0051943462897526506,0.037809187279151946,0.022190812720848056,0.9397879858657244,0.028480565371024735,0.9451236749116608,0.006289752650176679,0.005335689045936398,0.027067137809187278,0.007173144876325088,0.0035689045936395758,0.025830388692579507,0.008480565371024734,0.0034982332155477033,0.00812720848056537,0.0053356890459363955,0.03261484098939929,0.019187279151943463,0.942791519434629,0.025795053003533568,0.947809187279152,0.006607773851590105,0.005017667844522955,0.007667844522968198,0.005441696113074205,0.029010600706713782,0.017879858657243817,0.9440989399293286,0.024169611307420496,0.949434628975265,0.006289752650176679,0.005335689045936398,-0.011625441696113074
train/580_N.png,N,1,good,26333,0.04462081798503779,0.0298105039304295,0.015114115368548968,0.0031139634678919986,0.0344814491322675,0.024456005772224964,0.9309231762427372,0.025481335206774768,0.9447081608627957,0.0010253294345498043,0.013784984620058505,0.02646868947708199,0.0060380511145710705,0.001974708540614438,0.018417954657653893,0.01086089697337941,0.005202597501234193,0.014848289218850872,0.002734211825466145,0.029013025481335206,0.02278509854555121,0.932594083469411,0.02350662666616033,0.9466828694034102,0.0007215281206091224,0.014088785933999204,0.01469638856188053,0.002430410511525462,0.024380055443739793,0.02206357042494209,0.9333156115900201,0.022253446246155016,0.9479360498234155,0.0001898758212129266,0.014620438233395427,-0.014810314054608288
train/583_N.png,N,1,good,26966,0.028257806126233034,0.023177334421122894,0.010235110880367871,0.005340057850626715,0.032151598308981684,0.026589038047912187,0.9451531558258548,0.030890751316472596,0.9459319142624045,0.004301713268560409,0.0007787584365497313,0.022621078395015946,0.006897574723726174,0.002632945190239561,0.023585255506934657,0.005340057850626715,0.003226284951420307,0.009159682563227769,0.004598383149150782,0.0275161314247571,0.024697767559148556,0.9470444263146184,0.028480308536675814,0.9483423570422013,0.003782540977527258,0.0012979307275828855,0.008455091596825632,0.004264629533486612,0.02432693020841059,0.023399836831565674,0.9483423570422013,0.027145294074019135,0.949677371504858,0.0037454572424534607,0.001335014462656714,-0.00508047170511014
train/584_N.png,N,1,good,28852,0.042873977540551785,0.030153888811867462,0.010051296270622487,0.004575072785248856,0.03285734091224179,0.016463330098433385,0.9406626923610149,0.021696936087619575,0.948149175100513,0.00523360598918619,0.007486482739498146,0.021627616802994593,0.008387633439622903,0.0028420906696242894,0.0207957853874948,0.00856093165118536,0.003500623873561625,0.008976847358935256,0.004367114931373909,0.028940801330930264,0.0147996672674338,0.9423263551920145,0.019097462914182725,0.9507486482739498,0.004297795646748925,0.008422293081935317,0.007798419520310551,0.004540413142936365,0.025786773880493552,0.014106474421183974,0.9430195480382643,0.01816165257174546,0.9516844586163871,0.0040551781505614864,0.008664910578122798,-0.012720088728684322
train/590_N.png,N,1,good,27389,0.025886304720873343,0.01675855270364015,0.013874183066194458,0.005695717258753515,0.036255431012450254,0.0332980393588667,0.94081565592026,0.0378619153674833,0.9453795319288766,0.004563876008616595,0.00456387600861663,0.026214903793493737,0.007484756654131221,0.002555770564825295,0.023805177260944176,0.007959399759027347,0.004490853992478732,0.012413742743437147,0.005221074153857388,0.030742268794041402,0.031983643068385116,0.9421300522107415,0.03585380992369199,0.9473876373726678,0.003870166855306875,0.005257585161926315,0.011866077622403154,0.005148052137719523,0.026470480849976268,0.031143889882799664,0.942969805396327,0.03483150169776188,0.9484099455985979,0.0036876118149622127,0.0054401402022709044,-0.009127752017233193
train/597_N.png,N,1,good,29744,0.030224583109198493,0.01734803657880581,0.006892146315223238,0.0025215169445938677,0.03200645508337816,0.017045454545454544,0.952729962345347,0.02403846153846154,0.9586135018827326,0.006993006993006996,0.005883539537385629,0.02461000537923615,0.004975793437331899,0.002420656266810113,0.02289537385691232,0.005345615922539,0.0037654653039268424,0.0068585260892953205,0.0023534158149542766,0.027534965034965036,0.014927380311995697,0.9548480365788058,0.021315223238300162,0.9613367401828941,0.006387842926304465,0.006488703604088264,0.006219741796664874,0.0022189349112426036,0.0243410435718128,0.013986013986013986,0.9557894029047875,0.01983593329747176,0.9628160301237224,0.005849919311457773,0.007026627218934878,-0.012876546530392684
train/64_A.png,A,1,good,22290,0.016958277254374158,0.0029609690444145358,0.00731269627635711,0.003858232391206819,0.052893674293405114,0.06406460296096904,0.9189771197846568,0.07922835352175864,0.923732615522656,0.015163750560789599,0.00475549573799916,0.04392104082548228,0.00731269627635711,0.0016599371915657244,0.042440556303275014,0.006729475100942127,0.003723642889187977,0.007895917451772094,0.0034096007178106773,0.0474652310453118,0.06029609690444145,0.9227456258411844,0.07501121579183491,0.9279497532525797,0.014715118887393457,0.0052041274113953095,0.007178106774338268,0.0034993270524899056,0.043965903992821895,0.05679676985195155,0.9262449528936743,0.06976222521310005,0.9331987438313145,0.0129654553611485,0.0069537909376402585,-0.013997308209959623
train/6_A.png,A,1,good,26988,0.045909293019119606,0.03961019712464799,0.012079442715280865,0.00807766414702831,0.04572402549281162,0.016562916851934194,0.9375277901289462,0.02041648139914036,0.9399733214762116,0.003853564547206166,0.0024455313472654394,0.03353342226174596,0.00807766414702831,0.00411293908403735,0.03234771009337483,0.008818734252260263,0.0045575811471765225,0.010930784052171336,0.007633022083889136,0.04012894619831036,0.014599081073069512,0.9394916259078109,0.01860085964132207,0.94178894323403,0.004001778568252557,0.0022973173262190727,0.01018971394693938,0.007299540536534756,0.03564547206165703,0.01348747591522158,0.9406032310656588,0.017526307988735734,0.9428634948866162,0.004038832073514154,0.0022602638209574533,-0.0062990958944716124
train/72_A.png,A,1,good,27550,0.11814882032667877,0.11005444646098003,0.01604355716878403,0.009655172413793104,0.10014519056261344,0.014773139745916515,0.8670780399274047,0.015099818511796733,0.8748457350272232,0.00032667876588021727,0.00776769509981845,0.08275862068965517,0.011687840290381125,0.005698729582577133,0.08370235934664247,0.010961887477313975,0.005480943738656987,0.015245009074410164,0.009618874773139746,0.09346642468239565,0.0132486388384755,0.8686025408348458,0.013139745916515427,0.8768058076225045,-0.00010889292196007185,0.008203266787658703,0.014773139745916515,0.009800362976406534,0.08852994555353902,0.012341197822141561,0.8695099818511797,0.012087114337568058,0.8778584392014519,-0.0002540834845735033,0.008348457350272231,-0.008094373865698737
train/81_A.png,A,1,good,22853,0.009539228985253577,0.0047696144926267885,0.007263816566752724,0.0035881503522513457,0.04108869732639041,0.04157003456876559,0.9488907364459809,0.05176563252089441,0.9530039819717324,0.010195597952128821,0.004113245525751541,0.030499277994136438,0.006782479324377543,0.003806940007876428,0.030411762131886403,0.007351332429002756,0.003325602765501247,0.005951078633002232,0.003719424145626395,0.036231566971513585,0.038375705596639394,0.952085065418107,0.04844002975539317,0.9563295847372336,0.010064324158753774,0.004244519319126616,0.005907320701877215,0.003456876558876296,0.03137443661663677,0.035531440073513325,0.9549293309412331,0.0450706690587669,0.9596989454338599,0.009539228985253577,0.004769614492626806,-0.0047696144926267885
train/84_A.png,A,0,poor,14774,0.0986868823609043,0.05942872614051713,0.03133883850006769,0.00961147962637065,0.13835115743874374,0.08765398673345065,0.813659130905645,0.09997292540950319,0.8405983484499797,0.012318938676052535,0.026939217544334704,0.1177744686611615,0.014281846487071884,0.006294842290510356,0.11581156085014215,0.013672668200893462,0.008866928387708136,0.03215107621497225,0.008663868958981996,0.12961960200351968,0.08447272235007446,0.8168403952890213,0.09706240693109516,0.8435088669283877,0.012589684581020708,0.026668471639366365,0.03127115202382564,0.009205360768918371,0.12244483552186274,0.08250981453905509,0.8188033031000406,0.09550561797752809,0.8450656558819548,0.012995803438472994,0.026262352781914244,-0.03925815622038717
train/88_A.png,A,1,good,20881,0.04894401609118337,0.044394425554331686,0.009051290646999664,0.00890761936688856,0.08016857430199703,0.05397251089507207,0.8970834730137446,0.0569896077774053,0.898615966668263,0.003017096882333224,0.001532493654518463,0.06302380154207174,0.011781044969110675,0.0053637277908146165,0.06489152818351611,0.008620276806666348,0.006656769311814568,0.009721756620851492,0.008141372539629328,0.07121306450840477,0.05057229059910924,0.9004836933097073,0.053733058761553563,0.9018725156841148,0.003160768162444323,0.0013888223744074057,0.010344332167999617,0.008045591686221924,0.06407739092955318,0.048225659690627844,0.9028303242181888,0.05153009913318328,0.904075475312485,0.003304439442555436,0.0012451510942962374,-0.004549590536851687
train/8_A.png,A,1,good,22027,0.13338175875062425,0.1314296091160848,0.014028238071457757,0.008489580968811005,0.15553638716121124,0.03577427702365279,0.8308439642257229,0.042992690788577655,0.8255777000953375,0.007218413764924866,-0.005266264130385445,0.14373269169655423,0.009352158714305172,0.002451536750351841,0.14046397602941843,0.010260135288509557,0.004812275843283243,0.01439142870113951,0.007263812593635084,0.14445907295591773,0.03336813910201117,0.8332501021473646,0.04013256457983384,0.8284378263040814,0.006764425477822675,-0.0048122758432832535,0.01384664275661688,0.006764425477822672,0.1363326826167885,0.03168838243973306,0.8349298588096428,0.03799881963045353,0.8305715712534617,0.006310437190720476,-0.004358287556181062,-0.0019521496345394351
train/91_A.png,A,1,poor,20209,0.114305507447177,0.10376564896828146,0.02513731505764758,0.010935721708149835,0.10455737542679004,0.04037804938393785,0.8453164431688851,0.04280271166312039,0.8534316393685981,0.0024246622791825392,0.008115196199713015,0.08095403038250285,0.016279875303082784,0.007323469741204414,0.08194368845563858,0.014251076253154535,0.008362610717996932,0.02385075956257113,0.011381067841060914,0.09495769211737344,0.03701321193527636,0.8486812806175467,0.040130634865653915,0.8561037161660646,0.0031174229303775544,0.007422435548517958,0.021970409223613242,0.012370725914196645,0.08679301301400366,0.0350338957890049,0.8506605967638181,0.03869563065960711,0.8575387203721114,0.003661734870602208,0.006878123608293318,-0.010539858478895547
train/96_A.png,A,1,good,15887,0.08887769874740353,0.07477812047586077,0.02234531377856109,0.01598791464719582,0.1409328381695726,0.09504626424120349,0.816076037011393,0.0989488260842198,0.8262730534399194,0.0039025618430163084,0.01019701642852644,0.11833574620759112,0.014603134638383584,0.00799395732359791,0.12047586076666457,0.014225467363252975,0.006231510039655064,0.022156480140995784,0.01554730282621011,0.1290363190029584,0.08774469692201171,0.8233776043305847,0.09183609240259331,0.8333857871215459,0.0040913954805816,0.010008182790961162,0.02171586832001007,0.014477245546673382,0.12085352804179518,0.08421980235412602,0.8269024988984705,0.0878076414678668,0.8374142380562725,0.00358783911374079,0.010511739157802014,-0.014099578271542762
train/98_A.png,A,1,poor,21946,0.11687779094140162,0.10480269753030165,0.008156383851271303,0.006652692973662626,0.11596646313679031,0.043880433792035,0.8392417752665634,0.04875603754670555,0.8464412649229928,0.004875603754670554,0.007199489656429359,0.1016586166043926,0.010389136972569032,0.003918709559828671,0.0973753759227194,0.013715483459400346,0.004875603754670555,0.008566481363346395,0.0060603299006652695,0.10876697348036088,0.03955162672013123,0.8435705823384672,0.04401713296272669,0.8511801695069716,0.004465506242595459,0.007609587168504461,0.008110817461040736,0.006333728242048665,0.10370910416476807,0.03467602296546068,0.8484461860931377,0.03864029891551991,0.8565570035541784,0.003964275950059236,0.008110817461040698,-0.012075093411099969
