key,disease,M0_error,M1_error,delta_error,delta_dice,delta_area_relative,delta_missing_d1,delta_extra_d1
train/105_A.png,A,0.07692954077559766,0.05982941893197765,-0.01710012184362001,0.0026000425158356766,0.017228343567209838,-0.007562707449266834,0.007898827780345362
train/154_D.png,D,0.11838390966831334,0.10790402258292167,-0.010479887085391673,0.0026074059675669226,0.0019878611388637196,-0.01118560338743825,0.001340860973888497
train/304_G.png,G,0.16470745988468244,0.13409019800652572,-0.03061726187815672,0.009030922497190286,0.034112143112307994,-0.028784695838734192,0.007374960890358915
train/453_N.png,N,0.08745973878880119,0.06625845043004283,-0.021201288358758355,0.002224949282057631,0.017978926167773433,-0.010512158000920258,0.008176122889604644
train/110_A.png,A,0.026299198414842836,0.006935062595694858,-0.01936413581914798,0.010139888741095726,-0.00882854124740734,-0.01720255786724309,0.003962892911825638
train/155_D.png,D,0.021936656282450676,0.006749740394600207,-0.015186915887850469,-0.01021260839606164,-0.00011037059048266129,0.005062305295950156,0.021287642782969893
train/307_G.png,G,0.14984534856055198,0.14670473471330003,-0.0031406138472519496,0.0012139258026979682,0.00805062284654122,-0.0009992862241256228,0.006519152985962409
train/459_N.png,N,0.08603302097278001,0.07242302543507363,-0.01360999553770638,0.0003082811136859709,0.010645437935791785,-0.007452030343596608,0.007005800981704596
train/112_A.png,A,0.04256214578306492,0.03686661803490264,-0.005695527748162281,0.000403165169095554,0.004560634819398425,-0.0023567701026878385,0.002076202233320241
train/160_D.png,D,0.0770211796857208,0.07219312229560465,-0.004828057390116144,-0.0004336311935528858,0.008609379646528552,0.002778410384878152,0.01061261671601002
train/312_G.png,G,0.011583011583011582,0.007893607893607893,-0.0036894036894036895,-0.00017726059375222647,0.013623191624013233,-0.0042900042900042915,0.014757614757614754
train/471_N.png,N,0.07224051426779554,0.06808560677328317,-0.004154907494512375,0.0006943319043362095,-0.001779936149179713,-0.004154907494512389,-0.0003527751646284095
train/113_A.png,A,0.005008720540226287,0.025311927015786415,0.02030320647556013,-0.0032399718107299913,0.011789261764836498,-0.0039354232816063706,0.016636107508608736
train/161_D.png,D,0.16664037606082593,0.15704956305013093,-0.009590813010695004,0.002623939471278036,0.005726429804069538,-0.00419598069217908,0.0024923494337003495
train/316_G.png,G,0.5941230486685032,0.5234159779614325,-0.07070707070707072,0.03152069139312286,0.061073078609246934,-0.05096418732782371,0.04224058769513314
train/472_N.png,N,0.03237472615363216,0.026080606461035574,-0.0062941196925965885,0.0017086949443888555,0.004075048604351865,-0.00118232082623361,0.0016343846715582318
train/117_A.png,A,0.09539174319516837,0.07421196326631918,-0.021179779928849188,0.002845843463770925,0.01765132323832952,-0.012947795151816002,0.002688839248779681
train/164_D.png,D,0.03667035991279174,0.02112298509596483,-0.015547374816826907,0.0015595999251195591,0.0036748355686632497,-0.006719325208191858,0.008649344150970375
train/320_G.png,G,0.1510699573475265,0.13112901461849732,-0.019940942729029187,0.0009438328255072514,0.017420757667416194,-0.011847909299697423,0.0055411760417046416
train/476_N.png,N,0.005581078781691339,0.0030627871362940277,-0.0025182916453973113,-0.0014705077082712847,0.011500396116872216,-0.003369065849923431,0.004287901990811641
train/120_A.png,A,0.1583961474036851,0.13929020100502512,-0.01910594639865998,0.0011229184233148004,0.019498812848302925,-0.01606993299832496,0.0034024288107202677
train/175_D.png,D,0.10538862900323857,0.10192515293270961,-0.0034634760705289647,0.0026096725123180287,0.002379305317297589,-0.005262684418855704,0.001844188557034901
train/325_G.png,G,0.024401265250790782,0.04714565446603404,0.022744389215243258,-0.0007535051265301629,0.02731594457438634,-0.01656876035547522,0.016418135261334538
train/486_N.png,N,0.05404103650900684,0.04498603217416434,-0.0090550043348425,0.0003055987452347253,0.010651120743608168,-0.007353177279003309,0.003275214333879204
train/133_A.png,A,0.040725233054194974,0.03385210933796808,-0.006873123716226892,-0.001502635695923793,0.011197716863128038,-0.004779586032548584,0.0020540369726655093
train/177_D.png,D,0.04246361121135571,0.019688038814707886,-0.022775572396647823,-0.0011602273115254302,0.011403224557791726,-0.006495849873691811,0.01311199326356309
train/330_G.png,G,0.10094598718339945,0.10460787305462313,0.00366188587122368,0.0010510997225645635,0.006449459688621886,0.002929508696978944,0.001464754348489472
train/487_N.png,N,0.020207158050494774,0.014704522334227319,-0.005502635716267456,-0.0002310867579712328,0.014639395975447268,-0.004577822990844353,0.00443910108203089
train/137_A.png,A,0.038234403391883706,0.016959418534221685,-0.02127498485766202,2.3957562895748907e-05,0.012931854364859129,-0.0103725015142338,0.008706844336765596
train/184_D.png,D,0.13315242388004783,0.12965688529114158,-0.0034955385889062496,0.0049461289256589325,0.009423088275043578,-0.011406494342746737,-0.0014258117928433456
train/332_G.png,G,0.04833483826419504,0.03675572316354172,-0.01157911510065332,-0.0017078472295291025,0.012072003269221754,-0.004833483826419509,0.0091358155840017
train/489_N.png,N,0.019813858794444847,0.01534210717661601,-0.004471751617828836,0.0002569586175801275,0.003715631670013514,-0.0036719261252090435,0.000690758379989817
train/138_A.png,A,0.03695827106563973,0.03287734222324405,-0.0040809288423956785,0.00490946230274758,0.020063006152171402,-0.01707092769283826,0.0018392918726290314
train/187_D.png,D,0.25977038843614303,0.24460174885491642,-0.015168639581226606,0.002026910759733158,0.007823097063184126,-0.008625304859913141,0.012313366248289812
train/335_G.png,G,0.12814043939871755,0.11005991800693787,-0.01808052139177968,0.001782888798251947,0.013261239929542895,-0.011247766214653634,0.008567223799011883
train/491_N.png,N,0.06612945321675584,0.04971943103223281,-0.016410022184523032,0.0019093654575840224,0.01294162976257828,-0.008286571838705459,0.007895080255774498
train/13_A.png,A,0.10242032111190989,0.08761083153606518,-0.014809489575844714,0.0036436974112445952,0.008704126309737895,-0.01040019170860293,0.005367840881859574
train/198_D.png,D,0.06459805653710247,0.060678003533568906,-0.003920053003533569,0.0017916722837164611,0.008192972410390485,-0.0023741166077738546,0.005410777385159007
train/340_G.png,G,0.14430084904951537,0.11559846720264483,-0.028702381846870545,-0.0006394563762424088,0.008893175447481229,-0.011007588849650612,0.014313622360808471
train/505_N.png,N,0.06741005148940203,0.0622926998768045,-0.005117351612597534,0.001390458478613521,0.002319586323556968,-0.0024954986258963197,0.0019900811826768193
train/143_A.png,A,0.12003045170021993,0.05523600067670445,-0.06479445102351548,0.020483278914266045,0.08355536069609794,-0.03924885806124176,0.02368465572661141
train/202_D.png,D,0.14492469214541528,0.12044350684393858,-0.024481185301476707,-0.0004455731339289004,0.029079377691385425,-0.008585586027572006,0.01707305107197174
train/350_G.png,G,0.015008179813642506,0.041468098726794224,0.02645991891315172,0.002443408500334754,0.013923627302744688,-0.012874315385162524,0.0116651255423572
train/511_N.png,N,0.040571515892420536,0.022921760391198046,-0.01764975550122249,0.00043062390474934986,0.005074808976530034,-0.00924511002444988,0.006800122249388755
train/144_A.png,A,0.024596584678051075,0.017311608961303463,-0.007284975716747612,0.015005998316798386,0.005667817998857733,-0.01934826883910387,-0.011593294689017708
train/203_D.png,D,0.04018126888217523,0.02035498489425982,-0.01982628398791541,0.0012835463800303648,0.009386510663323737,-0.00876132930513595,0.00808157099697885
train/351_G.png,G,0.02031063321385902,0.016588548846613364,-0.0037220843672456545,0.0004311152637621607,0.010518130096544263,-0.00445731090892381,-0.00018380663541954154
train/522_N.png,N,0.0017287443030017287,0.008015087223008015,0.006286342920006287,-0.0003238100500950747,0.003012801688039069,-0.004086122898004089,0.000903661794750904
train/145_A.png,A,0.015139900344959755,0.01066819982113198,-0.004471700523827775,-0.0010223579768764424,0.021528832989814804,-0.008496230995272774,0.015523188961287848
train/204_D.png,D,0.0938782875445482,0.10520142554247304,0.011323137997924837,0.002985509275031495,-0.008365656333391827,0.0006315694500834551,-0.010330671719222268
train/353_G.png,G,0.020799877647778544,0.020111646402079988,-0.0006882312456985562,0.000609722849907679,-0.004762127083430601,-0.0014529326298080639,0.0022176340139175577
train/526_N.png,N,0.0031508132504470747,0.012432938772034403,0.009282125521587328,-0.0017981104690629746,0.0034646348476135708,-0.0021289278719236956,0.008473132930256325
train/18_A.png,A,0.027353689567430027,0.02808069792802617,0.0007270083605961444,-0.0001546159091623256,0.009456949728083721,-0.001999272991639406,0.0008633224282079272
train/222_D.png,D,0.033700476738451425,0.06690777576853527,0.03320729903008384,0.004853019809009096,-0.021500685529103822,0.004602991944764101,0.024658885418379073
train/360_G.png,G,0.27916139017869707,0.2241452089489236,-0.055016181229773475,0.02082920002735822,0.04237126350163273,-0.038412832418742104,0.01378922189390741
train/536_N.png,N,0.028777292576419214,0.013537117903930132,-0.015240174672489082,0.002462757661589099,0.020705913937899036,-0.006899563318777294,0.012576419213973795
train/23_A.png,A,0.06553651266766021,0.06169895678092399,-0.0038375558867362186,0.004277600809389659,-0.008703768152624419,-0.004172876304023854,-0.0018628912071535011
train/223_D.png,D,0.01024075957951848,0.021905730756188537,0.011664971176670057,0.0004824405705851076,0.012943235683298998,-0.008273991183452026,0.006917599186164802
train/365_G.png,G,0.08543148778224559,0.07627590473244665,-0.009155583049798938,0.00042400410912790676,-0.002516694191139514,-0.006000618620476336,0.003031240334055052
train/541_N.png,N,0.003523424246378703,0.015181173604767497,0.011657749358388795,0.0007860161474849692,0.010734642008804337,-0.006350863456435686,0.012179738135630086
train/38_A.png,A,0.030187681734073487,0.02098863335976738,-0.009199048374306108,-0.0046617653734695175,0.015782641211248928,-0.010256410256410262,0.0007401533174729164
train/224_D.png,D,0.07183248418341638,0.07849504507026482,0.00666256088684844,0.0042198713418580835,0.0016151942815249287,-0.0067185487934606075,0.0007838306925704308
train/368_G.png,G,0.06626560114932208,0.06397593606895932,-0.0022896650803627544,0.0006878545026995919,-0.0006421210708922372,-0.0014815479931759024,0.0016611295681063162
train/542_N.png,N,0.03160143949617634,0.01649422702054281,-0.015107212475633527,-8.605715416509785e-05,0.009499830084339952,-0.004011096116359275,0.01210826210826211
train/3_A.png,A,0.088849685257207,0.07982839501222885,-0.00902129024497815,0.0015702402096624546,0.006351693592219539,-0.007698167675714684,0.0012028386993304177
train/234_D.png,D,0.10855494582805685,0.09729843815956099,-0.011256507668495855,-0.001082784240454604,-0.0002780499430659611,-0.0010552975939214781,0.00654284508231321
train/370_G.png,G,0.09799918334013884,0.08285014291547571,-0.015149040424663127,0.0009769827612948756,0.009192609770870771,-0.008615761535320537,0.004899959167006942
train/546_N.png,N,0.0813721035892776,0.07351203998182644,-0.00786006360745116,0.0014867570245097328,0.00898506243928536,-0.007451158564288962,0.005224897773739211
train/49_A.png,A,0.1529185542482808,0.1517452661082684,-0.0011732881400123851,0.0027910308878446033,0.002079179720877242,-0.002411758954469878,0.0003585047094482284
train/240_D.png,D,0.055982176715965115,0.05043610163064088,-0.005546075085324238,0.0035161781437320627,0.0056952236351780865,-0.006067500948047033,0.007868790291998481
train/371_G.png,G,0.034949878081820644,0.015917095638038472,-0.019032782443782172,-0.014532074713524024,0.03221020335035385,-0.0013546464372798661,0.047344892982931444
train/547_N.png,N,0.02326769641944739,0.018708485634555672,-0.004559210784891719,0.001927366272930553,0.00553382673903767,-0.004559210784891715,-0.0009432849899775955
train/64_A.png,A,0.016958277254374158,0.0029609690444145358,-0.013997308209959623,-0.0029695089030354893,0.012465895764086792,-0.0044863167339614166,0.014715118887393457
train/248_D.png,D,0.0015026296018031556,0.007513148009015778,0.006010518407212622,0.0011907987495406447,0.0060825794642542855,-0.005760080140245427,0.002654645629852237
train/375_G.png,G,0.16802308802308802,0.1471861471861472,-0.02083694083694082,0.0001269924713926951,0.015845738067693613,-0.009466089466089456,0.010678210678210676
train/553_N.png,N,0.0037621992103106607,0.006816657975117336,0.0030544587648066754,0.0012521255969997203,0.001469387755102046,-0.005401177084109365,0.0037249497131788684
train/6_A.png,A,0.045909293019119606,0.03961019712464799,-0.0062990958944716124,0.0007484751538079371,0.001992724701804,-0.0032977619682822007,0.004001778568252557
train/256_D.png,D,0.08037725225225226,0.047438063063063064,-0.03293918918918919,0.008842079243734258,-0.029995088965282773,-0.0007038288288288286,-0.0313907657657658
train/378_G.png,G,0.05814140117165557,0.037958430302543936,-0.02018297086911163,-0.0011424395500454487,0.017264649007899376,-0.007543535831795206,0.014525318995265223
train/555_N.png,N,0.06328908506702152,0.05313037551523806,-0.010158709551783461,0.003379493379796372,0.003662396798979853,-0.010256077374963486,-0.0007140307033202432
train/72_A.png,A,0.11814882032667877,0.11005444646098003,-0.008094373865698737,0.0037681846364798766,0.008126266736885782,-0.005626134301270416,-0.00010889292196007185
train/262_D.png,D,0.0235685692439167,0.0031034948050195654,-0.020465074438897134,0.0014927616764670582,0.015325565120663995,-0.01079476453919849,0.008680789816938785
train/396_G.png,G,0.10645347162201095,0.09316479400749064,-0.013288677614520308,0.0002193641067539387,0.01208380075965081,-0.009507346585998278,0.004573609910688562
train/559_N.png,N,0.010736141430769782,0.004867050781948968,-0.005869090648820814,0.00046379665648876855,0.005577832037812773,-0.0022188025623590887,0.00454496653902587
train/81_A.png,A,0.009539228985253577,0.0047696144926267885,-0.0047696144926267885,1.2009193061546242e-05,0.012548488868706834,-0.0022316544873758337,0.010064324158753774
train/266_D.png,D,0.19341414872444365,0.1727278209999397,-0.02068632772450396,0.0068190432241749255,0.00737624739186471,-0.014112538447620782,0.0
train/406_G.png,G,0.1125762391547118,0.10699252641525642,-0.0055837127394553765,0.002982260993193764,0.015268785317715278,-0.007258826561291995,0.0007731294562322785
train/561_N.png,N,0.046468765930747814,0.03627308732990863,-0.010195678600839184,0.0011194215332245294,0.010611056160017583,-0.007019332575193125,0.007842829692953218
train/84_A.png,A,0.0986868823609043,0.05942872614051713,-0.03925815622038717,0.0015586595646452928,0.03645033331781815,-0.023487207255990267,0.012589684581020708
train/269_D.png,D,0.14386157648997527,0.13150233452348256,-0.012359241966492712,0.007009358377775277,0.016660639818995515,-0.013457841252403208,0.006371875858280692
train/417_G.png,G,0.0929406850459482,0.09172236145920357,-0.0012183235867446324,0.0018982344644140614,-0.0018306813342403782,-0.0026455026455026454,-0.0028891673628515732
train/566_N.png,N,0.019514399572737356,0.008873916437286883,-0.010640483135450473,0.0018358547317118834,0.007651147259850437,-0.005505114826835376,0.00476562179039481
train/88_A.png,A,0.04894401609118337,0.044394425554331686,-0.004549590536851687,0.0004800332190106893,0.010312651960229617,-0.0015803840812221581,0.003160768162444323
train/271_D.png,D,0.019186150276637514,0.002810994110298055,-0.016375156166339458,0.0019365627779480699,0.004883395874052468,-0.008076030697840443,0.004908084954488662
train/421_G.png,G,0.08342873001006001,0.07531134006313525,-0.008117389946924763,-2.4281839419826312e-05,0.006054351379316867,-0.003954625871578729,0.0035730391646720087
train/572_N.png,N,0.00011716919231370099,0.012224652398062802,0.0121074832057491,-0.00048620622031725347,0.008024302493245419,-0.004296203718169037,0.007615997500390562
train/8_A.png,A,0.13338175875062425,0.1314296091160848,-0.0019521496345394351,0.004239987922399435,0.01650853889943074,-0.007127616107504425,0.006764425477822675
train/274_D.png,D,0.03374812375926015,0.021498087444923257,-0.012250036314336896,0.0033355018299017214,0.010302758556074577,-0.006246065946835813,0.003292499878952207
train/429_G.png,G,0.06471667346106807,0.04958214431308602,-0.015134529147982058,0.003675079437184481,0.01812105992832666,-0.004382388911536889,0.010446392172849574
train/573_N.png,N,0.03802120141342756,0.026395759717314487,-0.011625441696113074,0.00017396882475417819,0.006194281889268655,-0.002791519434628978,0.006607773851590105
train/91_A.png,A,0.114305507447177,0.10376564896828146,-0.010539858478895547,0.01036258976900517,0.014203864176966605,-0.012469691721510218,0.0031174229303775544
train/276_D.png,D,0.008359502852846212,0.018620903180149497,0.010261400327303286,-1.8802789731431346e-05,0.013848027208980089,-0.007961431288424962,0.017603609182184086
train/430_G.png,G,0.03038491231940002,0.004797617734642109,-0.025587294584757912,0.002187061719598038,0.024939275068799158,-0.014723723392522335,0.0132348075438403
train/580_N.png,N,0.04462081798503779,0.0298105039304295,-0.014810314054608288,0.0017212953482784732,0.015301671220424518,-0.012114077393384728,0.0007215281206091224
train/96_A.png,A,0.08887769874740353,0.07477812047586077,-0.014099578271542762,-0.0015363702358590636,0.02274121226917878,-0.006609177314785664,0.0040913954805816
train/277_D.png,D,0.41873187811149404,0.36178127906340607,-0.05695059904808797,0.015912640266454114,0.06777966654042297,-0.05104217955030366,0.025767273920892828
train/435_G.png,G,0.034594019226291454,0.02854006586169045,-0.006053953364601003,0.0020127302453946117,0.005196282207145381,-0.0035259288826797047,0.0017629644413398524
train/583_N.png,N,0.028257806126233034,0.023177334421122894,-0.00508047170511014,0.0011302230766544463,0.00897470839080175,-0.004561299414076986,0.003782540977527258
train/98_A.png,A,0.11687779094140162,0.10480269753030165,-0.012075093411099969,0.00010924404032952584,0.005651699809775411,-0.0025061514626811277,0.004465506242595459
train/285_D.png,D,0.013343937787203958,0.006892895015906681,-0.0064510427712972775,0.003279047689974446,0.02571281718335768,-0.015199717214563452,0.014581124072110277
train/437_G.png,G,0.029615123296430998,0.02461931977139203,-0.004995803525038967,0.0016617045185519652,-0.0018264447054627303,-0.004236441389233042,0.0004396307102034272
train/584_N.png,N,0.042873977540551785,0.030153888811867462,-0.012720088728684322,0.0010772594445083161,0.014552534953272054,-0.004609732427561346,0.004297795646748925
train/296_D.png,D,0.08447809626825312,0.07393185505678745,-0.010546241211465662,0.003215742570563007,-0.00578405940346758,-0.0053542455381287435,0.005191995673336933
train/442_G.png,G,0.07844580175141659,0.0570314224740599,-0.02141437927735669,0.0013368079217896955,0.015459047293479758,-0.01641033188608433,0.007726837883582312
train/590_N.png,N,0.025886304720873343,0.01675855270364015,-0.009127752017233193,0.0007282061789787297,0.013427453963551194,-0.007192668589579759,0.003870166855306875
train/299_D.png,D,0.06917189952904239,0.1283359497645212,0.05916405023547881,-0.01099111249680318,0.04729371445157042,-0.008732339089481927,0.04503532182103609
train/444_G.png,G,0.02029058116232465,0.011230794923179693,-0.009059786239144956,-0.002264952553403199,0.020424222807543718,-0.003381763527054108,0.008851035404141616
train/597_N.png,N,0.030224583109198493,0.01734803657880581,-0.012876546530392684,0.0014211793392845395,0.004488978179274905,-0.004505110274341046,0.006387842926304465
